state,county,raw_coef,raw_dt,adj_coef,adj_dt
AK,Anchorage,0.448950277754447,2.22741815641987,0.390251558649803,2.562449727196
AK,Fairbanks North Star Borough,0.248676343409401,4.02129123458149,0.189977624304757,5.2637777930933
AK,Kenai Peninsula Borough,0.269890798759233,3.70520226920403,0.211192079654589,4.73502605606957
AK,Ketchikan Gateway Borough,0.246596417676853,4.05520894999548,0.187897698572209,5.32204496169334
AK,Juneau City and Borough,0.35592086730936,2.80961329286382,0.247800647699728,4.03550196209232
AK,Matanuska-Susitna Borough,0,Inf,-0.108120219609632,-9.24896382573487
AZ,Coconino,0.488205289717427,2.04831865008836,0.459174660840493,2.17782052295647
AZ,Graham,0.133935289691497,7.46629213483146,0.104904660814563,9.53246492801376
AZ,Maricopa,0.508949735729716,1.96483057126699,0.479919106852781,2.08368449124231
AZ,Navajo,0.491236003519402,2.03568140941547,0.462205374642467,2.16354039754197
AZ,Pima,0.470500366381628,2.1253968571597,0.441469737504693,2.265160927343
AZ,Pinal,0.244573151425408,4.08875624397794,0.215542522548473,4.63945577038104
AZ,Santa Cruz,0.129716981132075,7.70909090909091,0.0869728600130193,11.4978396691831
AZ,Yavapai,0.396133560191963,2.52440111238091,0.353389439072907,2.82973934541856
AZ,Yuma,0.348587867734931,2.86871716591241,0.209390511425095,4.77576559316887
AZ,Apache,0.326938403117327,3.05868013810887,0.3987714209021,2.50770227650166
AZ,Cochise,0.318743303700207,3.13732081079435,0.390576321484979,2.56031905927625
AZ,La Paz,0,-Inf,0.0851807203416072,11.7397457545513
AZ,Mohave,0.507681559705083,1.96973866961193,0.59286228004669,1.68673237218136
AZ,Gila,0,Inf,0.180233981073092,5.54834329268055
CA,Alameda,0.205483603905013,4.8665683343877,0.132897597525233,7.52459050142068
CA,Amador,0,Inf,-0.0725860063797791,-13.7767601480632
CA,Butte,0.250822599123855,3.98688157882538,0.178236592744076,5.61052017772729
CA,Contra Costa,0.238072613692785,4.20039913238583,0.165486607313005,6.04278507026599
CA,El Dorado,0.414160416786859,2.41452335729765,0.34157441040708,2.92761977926925
CA,Fresno,0.297047205065264,3.36646830183199,0.224461198685486,4.45511298102438
CA,Humboldt,0.484453654334086,2.06418094084679,0.411867647954308,2.42796443218318
CA,Imperial,0.40348610022981,2.47840012191359,0.330900093850031,3.02206018851483
CA,Kern,0.528266177583651,1.89298509432141,0.455680171203872,2.19452164740475
CA,Los Angeles,0.34163046784065,2.92713939222318,0.26904446146087,3.71685778094131
CA,Madera,0.321282749078591,3.11252316804406,0.248696742698812,4.02096138915284
CA,Marin,0.15753035526467,6.34798289078876,0.0849443488848908,11.7724135051657
CA,Mendocino,0.188997500048077,5.29107527742759,0.116411493668298,8.59021706953948
CA,Monterey,0.16889707476924,5.92076565782016,0.0963110683894611,10.3830226029288
CA,Napa,0.395749114445278,2.52685341166638,0.323163108065499,3.09441262025899
CA,Nevada,0.501578958417468,1.99370404842161,0.428992952037689,2.33104062724123
CA,Orange,0.310127531479305,3.22447992679015,0.237541525099526,4.2097902654326
CA,Placer,0.274548964434091,3.64233754099649,0.201962958054312,4.95140301783003
CA,Riverside,0.361200097029232,2.76854853646142,0.288614090649452,3.46483429741686
CA,Sacramento,0.229890240818109,4.3499019203308,0.15730423443833,6.35710795434465
CA,San Benito,0.191095436585796,5.23298733798403,0.118509430206017,8.43814705936565
CA,San Bernardino,0.409901357557676,2.43961133956306,0.337315351177897,2.96458490996044
CA,San Diego,0.213203242386943,4.69036018779255,0.140617236007164,7.11150374161141
CA,San Francisco,0.254254619491071,3.93306521628457,0.181668613111292,5.50452817838925
CA,San Joaquin,0.237538166236642,4.20984979316449,0.164952159856863,6.06236378394652
CA,San Luis Obispo,0.192535191227321,5.19385569788813,0.119949184847542,8.33686365831517
CA,San Mateo,0.179853078546943,5.5600938726161,0.107267072167164,9.32252535467369
CA,Santa Barbara,0.277909836590376,3.5982893310608,0.205323830210597,4.87035527719466
CA,Santa Clara,0.171429393446627,5.83330536201974,0.0988433870668475,10.1170147004746
CA,Santa Cruz,0.200279981773021,4.99301024070049,0.127693975393241,7.83122302301608
CA,Shasta,0.0959147917027245,10.4259205722864,0.0233287853229456,42.8654979741455
CA,Siskiyou,0.0682456250841349,14.6529539258696,-0.00434038129564398,-230.394504972087
CA,Solano,0.157931895897205,6.33184319303608,0.085345889517426,11.7170259242048
CA,Sonoma,0.302435078128021,3.30649475646043,0.229849071748242,4.35068104645347
CA,Stanislaus,0.318905246538885,3.13572765218858,0.246319240159106,4.05977218569717
CA,Tulare,0.198380855525488,5.0408089901171,0.125794849145709,7.94945108477133
CA,Ventura,0.275521401992799,3.62948211197813,0.20293539561302,4.92767659864971
CA,Yolo,0.200712766978364,4.98224410462039,0.128126760598585,7.80477080141715
CA,Yuba,0.0682456250841349,14.6529539258696,-0.00434038129564398,-230.394504972087
CA,Unknown,0,Inf,-0.100178782001589,-9.98215370580307
CA,Calaveras,0.13370571445055,7.47911189966263,-0.0300245375363528,-33.3060916854833
CA,Merced,0.69226913394944,1.44452489784563,0.528538881962538,1.89200839167567
CA,Mono,0.448919874070438,2.2275690112198,0.285189622083535,3.50643895347317
CA,Inyo,0.732192809488736,1.36576047598482,0.539608269049392,1.85319621169198
CA,Sutter,0.316992500144231,3.15464876785729,0.124407959704887,8.03807089491816
CA,Colusa,0,-Inf,-0.149052144046676,-6.70906149251262
CA,Kings,0.5,2,0.350947855953324,2.84942615558535
CA,Glenn,0,Inf,-0.225948816281636,-4.42578109704961
CA,Tuolumne,,,,
CO,Adams,0.297053825601845,3.36639327224267,0.316997472428222,3.15459928541365
CO,Arapahoe,0.303374575299684,3.29625512952812,0.323318222126061,3.09292805528945
CO,Boulder,0.302840941960456,3.30206343147149,0.322784588786832,3.09804134007278
CO,Clear Creek,0.102835669712397,9.72425232214388,0.122779316538774,8.14469430349208
CO,Denver,0.294546235089685,3.39505273151944,0.314489881916061,3.17975253737068
CO,Douglas,0.297168309269613,3.36509637403067,0.31711195609599,3.15346041288112
CO,Eagle,0.213743536299444,4.67850404888524,0.233687183125821,4.27922484504246
CO,El Paso,0.442198211290386,2.26142931940381,0.462141858116762,2.16383775335786
CO,Garfield,0.320826064231222,3.11695373752206,0.340769711057598,2.93453311004797
CO,Gunnison,0.254256666386845,3.93303355310466,0.274200313213222,3.64696884653953
CO,Jefferson,0.291548629236534,3.42995953237255,0.31149227606291,3.21035247691996
CO,Larimer,0.475747970530275,2.10195326505626,0.495691617356652,2.01738331854924
CO,Mesa,0.278737199822915,3.58760868888441,0.298680846649291,3.34805532801436
CO,Pitkin,0.106800185609808,9.36327960752314,0.126743832436184,7.88993026941569
CO,Pueblo,0.261744283966968,3.82052278217545,0.281687930793344,3.5500278523954
CO,Routt,0.263530328730733,3.79462965350667,0.28347397555711,3.52766068925624
CO,Summit,0.162832664849375,6.14127393250629,0.182776311675751,5.47116850554474
CO,Weld,0.442549302754984,2.25963524012972,0.462492949581361,2.16219512298551
CO,Yuma,0.111888111888112,8.9375,0.105226907598999,9.50327271624115
CO,Crowley,0,Inf,-0.0205103724371978,-48.755818699147
CO,Grand,0.0454545454545455,22,0.0249441730173476,40.0895230843911
CO,Morgan,0.179814231598901,5.56129507163054,0.159303859161703,6.27731183200614
CO,Broomfield,0.551110426374141,1.81451838351016,0.50684250447321,1.97299948440464
CO,Park,0.0864525000393358,11.5670454821434,0.0421845781384042,23.7053455108424
CO,San Miguel,0,Inf,-0.0442679219009315,-22.5897208872359
CO,Chaffee,0.324364441978019,3.08295198419982,0.278420112799025,3.59169454371222
CO,Elbert,1.33226762955019e-16,7505999378950830,-0.0459443291789931,-21.7654717757251
CO,Hinsdale,0,Inf,-0.0459443291789933,-21.7654717757251
CO,Montrose,0.443082708345353,2.25691497583916,0.397138379166359,2.51801400332831
CO,Unknown,1.06354888721003,0.940248268815606,1.0110940452699,0.989027682121359
CO,La Plata,0.894725631034931,1.11766106313876,0.834291365841114,1.19862201737138
CO,Logan,0.256950106255642,3.89180613533233,0.196515841061826,5.08864829724028
CO,Teller,0.235621033351874,4.24410327793873,0.175186768158058,5.70819366390602
CO,Delta,0.0285714285714286,35,-0.0625396677883537,-15.9898514872863
CO,Fremont,0,Inf,-0.0911110963597823,-10.9756115331021
CO,Huerfano,0,Inf,-0.0911110963597823,-10.9756115331021
CO,Otero,0.475488750216347,2.10309917857153,0.419000685015792,2.38663094300744
CO,Kit Carson,-0.1,-10,-0.177581882460517,-5.63120508772812
CO,Rio Grande,0.175488750216347,5.69837097117152,0.0979068677558299,10.2137880919028
CO,Washington,0,-Inf,-0.077581882460517,-12.8896073191949
CO,Alamosa,0,-Inf,-0.0593525713630585,-16.8484696961657
CO,Costilla,0,-Inf,-0.0593525713630585,-16.8484696961657
CO,Lincoln,0,-Inf,-0.0593525713630585,-16.8484696961657
CO,Baca,0,Inf,-0.0361672002878391,-27.6493616326792
CO,Moffat,3.14018491736755e-16,3184525836262890,-0.0361672002878403,-27.6493616326782
CO,Mineral,,,,
CO,Montezuma,,,,
CT,Fairfield,0.314149937591616,3.1831933746871,0.21052077129262,4.75012510100497
CT,Hartford,0.332111691864536,3.01103521645328,0.228482525565541,4.37670232121602
CT,Litchfield,0.374071101902027,2.67328856710752,0.270441935603032,3.69765139333957
CT,Middlesex,0.411856049568502,2.42803280672383,0.308226883269507,3.24436333843606
CT,New Haven,0.327389619004277,3.05446459494165,0.223760452705283,4.46906496617215
CT,New London,0.346436753837208,2.88652976026298,0.242807587538212,4.11848744159456
CT,Tolland,0.192391442789009,5.1977363728005,0.0887622764900139,11.2660472392515
CT,Windham,0.308333203212899,3.2432446119321,0.204704036913904,4.88510151082456
DE,Kent,0.313593658630677,3.18883999238554,0.391686434345021,2.55306263458473
DE,New Castle,0.272857677318221,3.66491428728885,0.350950453032566,2.84940506945921
DE,Sussex,0.405813345484205,2.4641870730171,0.483906121198549,2.06651653325479
FL,Alachua,0.326318815679327,3.06448770941452,0.178390549288265,5.60567812582987
FL,Baker,0.263283440384166,3.79818798531676,0.115355173993103,8.66887860669163
FL,Broward,0.348443094998726,2.86990907368578,0.200514828607664,4.98716233080519
FL,Charlotte,0.291106339301168,3.43517081215273,0.143178072910105,6.98430967588071
FL,Citrus,0.28332541301268,3.5295104288977,0.135397146621617,7.38568001580282
FL,Clay,0.264810253856699,3.77628881599557,0.116881987465637,8.55563822692526
FL,Collier,0.319942446322228,3.12556214873989,0.172014179931165,5.81347421706844
FL,Duval,0.358602580336113,2.78860235490418,0.21067431394505,4.74666313739998
FL,Hillsborough,0.407056967929219,2.45665859765822,0.259128701538156,3.85908621493537
FL,Lee,0.361098913739621,2.76932430962967,0.213170647348558,4.69107737128971
FL,Manatee,0.220666492810781,4.5317256247757,0.0727382264197186,13.7479293793849
FL,Miami-Dade,0.450229622819743,2.22108886069535,0.302301356428681,3.3079573701348
FL,Nassau,0.235916622912503,4.23878566781147,0.0879883565214404,11.3651401109683
FL,Okaloosa,0.361781750719233,2.76409740959009,0.21385348432817,4.67609869973146
FL,Orange,0.469064729331803,2.1319019262534,0.321136462940741,3.1139410045272
FL,Osceola,0.366288188803631,2.73009076068272,0.218359922412568,4.57959495932869
FL,Palm Beach,0.434724608506806,2.30030686193451,0.286796342115743,3.48679481970668
FL,Pasco,0.328785283726789,3.04149866035662,0.180857017335727,5.5292297458588
FL,Pinellas,0.389781499670282,2.56553992646112,0.241853233279219,4.13473901688757
FL,Santa Rosa,0.35985069840887,2.77893027419882,0.211922432017808,4.71870764448367
FL,Sarasota,0.355645189537905,2.81179115988976,0.207716923146842,4.81424423609947
FL,Seminole,0.372432010568468,2.68505383968911,0.224503744177405,4.45426869678302
FL,St. Johns,0.381197832227637,2.62330977633377,0.233269565836575,4.28688584562542
FL,Volusia,0.240228231394208,4.16270808054623,0.0922999650031456,10.8342402943048
FL,Escambia,0.498531971913532,2.00588940396674,0.352894736304637,2.8337061937267
FL,Lake,0.450840966080033,2.21807704986259,0.305203730471137,3.27649992500524
FL,Brevard,0.370738170979991,2.69732139357717,0.232151274677386,4.30753611579205
FL,Polk,0.386181322164827,2.58945718657307,0.247594425862221,4.03886313885139
FL,Leon,0.316365905278443,3.16089687072907,0.187593149214097,5.33068507133337
FL,Sumter,0.507357815376446,1.97099555716517,0.378585059312101,2.64141432791095
FL,Walton,0.375699579370976,2.6617011434356,0.246926823306631,4.04978279236279
FL,Hernando,0.227292991803556,4.39960771366095,0.0944982426892119,10.5822073674833
FL,Indian River,0.344567474760588,2.90218918861921,0.211772725646244,4.72204339321038
FL,Jackson,0.0454545454545454,22,-0.0873402036597985,-11.4494809732197
FL,Martin,0.550589118786045,1.81623640184686,0.417794369671701,2.39352196341418
FL,Monroe,0.627056062947158,1.59475373748881,0.494427035529277,2.02254312191791
FL,Bay,0.381509946471131,2.62116364003021,0.255780300259026,3.90960523147135
FL,Highlands,0.46329145639794,2.1584684677221,0.337561810185835,2.96242042146142
FL,Marion,0.404239867908077,2.47377876203788,0.278510221695972,3.59053249073071
FL,Putnam,0.497493750120193,2.01007550297547,0.371764103908087,2.68987777326461
FL,St. Lucie,0.522813266121252,1.91272881696173,0.397083619909147,2.51836124650219
FL,Bradford,0.0833333333333333,12,-0.0338038373869042,-29.5824402583183
FL,Columbia,0.0835660715315937,11.9665790394602,-0.0335710991886436,-29.7875262999514
FL,DeSoto,0.497203269782644,2.01124984644039,0.380066099062406,2.63112127723815
FL,Flagler,0.495837965661067,2.01678788082871,0.37870079494083,2.64060707914871
FL,Unknown,0,Inf,-0.117137170720237,-8.53699977429311
FL,Gadsden,0,Inf,-0.125051954860699,-7.99667627038655
FL,Washington,0,-Inf,-0.0928691660547423,-10.7678365434071
FL,Levy,0.5,2,0.380880246384264,2.62549714639471
FL,Suwannee,0.5,2,0.380880246384264,2.62549714639471
FL,Hendry,1,1,1.00971017589424,0.990383204877935
FL,Glades,,,,
FL,Wakulla,,,,
GA,Bartow,0.181202767628979,5.51867950520241,0.0208979094799489,47.8516763104691
GA,Bibb,0.470925371268049,2.12347871024091,0.31062051311902,3.21936239805525
GA,Charlton,0,Inf,-0.160304858149029,-6.23811412546424
GA,Cherokee,0.235317819787957,4.24957192320196,0.0750129616389278,13.3310294401315
GA,Clarke,0.262334130518846,3.81193250768474,0.102029272369817,9.801108807043
GA,Clayton,0.332629136895443,3.00635118538739,0.172324278746414,5.8030128271801
GA,Cobb,0.246423794514597,4.05804967807508,0.0861189363655674,11.6118480116276
GA,Columbia,0.388058691558979,2.5769297834372,0.227753833409949,4.39070546048739
GA,Coweta,0.243740955712277,4.1027163329106,0.0834360975632479,11.9852201769379
GA,DeKalb,0.357208512177412,2.79948535913763,0.196903654028383,5.07862591445792
GA,Dougherty,0.338064919869875,2.95801173450623,0.177760061720846,5.62556060297953
GA,Early,0.366372649993269,2.72946138315284,0.20606779184424,4.85277194970802
GA,Effingham,0.234135340928759,4.27103399270371,0.0738304827797295,13.5445409856449
GA,Fayette,0.18950097234801,5.27701777784836,0.0291961141989809,34.2511333249582
GA,Floyd,0.239308309893775,4.17870988451627,0.0790034517447456,12.6576747966776
GA,Forsyth,0.349738991099592,2.85927513216631,0.189434132950563,5.2788797057021
GA,Fulton,0.264661812540951,3.77840682945248,0.104356954391921,9.5824950606015
GA,Glynn,0.219484886824845,4.55612235751808,0.0591800286758153,16.8975923529531
GA,Gordon,0.251647561798157,3.97381159926392,0.0913427036491276,10.9477819251035
GA,Gwinnett,0.357064626399126,2.80061346340761,0.196759768250096,5.08233979381866
GA,Hall,0.289137952695119,3.45855668783284,0.12883309454609,7.76198075132202
GA,Henry,0.423245656292914,2.36269406462126,0.262940798143885,3.803137463106
GA,Houston,0.483880078535226,2.0666277541889,0.323575220386196,3.0904715101684
GA,Laurens,0.298490292705504,3.35019270119655,0.138185434556475,7.23665271386698
GA,Lee,0.271701627042339,3.6805079560461,0.11139676889331,8.97692105376724
GA,Lowndes,0.195331932049779,5.11949065115046,0.0350270739007499,28.5493445108639
GA,Newton,0.276754287948252,3.61331348256104,0.116449429799223,8.58741860500442
GA,Paulding,0.296544755070149,3.37217227046705,0.13623989692112,7.33999380944174
GA,Peach,0.238458607192295,4.19359993658602,0.0781537490432661,12.7952914894255
GA,Polk,0.284882439336189,3.51021987290661,0.124577581187159,8.02712647388498
GA,Richmond,0.112251523780591,8.90856503609354,-0.0480533343684377,-20.8102104285362
GA,Rockdale,0.478185052804501,2.0912406068218,0.317880194655471,3.14583927156529
GA,Troup,0.255625876799548,3.91196702196219,0.0953210186505186,10.4908656470234
GA,Whitfield,0.338769659149913,2.95185821100195,0.178464801000883,5.60334583846061
GA,Carroll,0.299508017572857,3.33880878416467,0.141909640178783,7.04673761937642
GA,Chatham,0.323590679706843,3.09032386503205,0.165992302312769,6.02437574554367
GA,Dawson,0.210635681831294,4.74753370989127,0.05303730443722,18.8546535426531
GA,Douglas,0.538236372596862,1.85791977449469,0.380637995202789,2.62716810356055
GA,Heard,0,Inf,-0.157598377394074,-6.34524299383811
GA,Lamar,0.153693333403264,6.50646308370566,-0.00390504399080997,-256.079061427573
GA,Lincoln,0.230540000104896,4.33764205580377,0.0729416227108219,13.7095935466711
GA,Miller,0.266210984870338,3.7564189940812,0.108612607476264,9.20703427747589
GA,Monroe,0.230540000104895,4.33764205580377,0.0729416227108216,13.7095935466711
GA,Muscogee,0.347177045546329,2.8803747621804,0.189578668152255,5.27485507597762
GA,Oconee,0.423807475007438,2.35956196851519,0.266209097613364,3.75644562475614
GA,Pickens,0.166036133430511,6.02278539820681,0.00843775603643733,118.514922176184
GA,Randolph,0.219904318273602,4.54743230078736,0.0623059408795281,16.049833866301
GA,Spalding,0.352461435066969,2.83718983272595,0.194863057672895,5.13180903523868
GA,Sumter,0.378295313472493,2.64343745319148,0.220696936078419,4.53110051172018
GA,Terrell,0.299736265489361,3.33626629519575,0.142137888095287,7.03542182454278
GA,Tift,0.433049860254686,2.30920291583024,0.275451482860612,3.63040340031872
GA,Turner,0.145454545454545,6.875,-0.0121438319395283,-82.3463306293785
GA,Unknown,0.549876012396182,1.81859178697816,0.392277635002109,2.54921492017924
GA,Worth,0.284449257359238,3.5155655152127,0.126850879965164,7.88327207721869
GA,Baldwin,0,Inf,-0.163311134319433,-6.12328120900819
GA,Lumpkin,0.273583958321314,3.65518507055716,0.110272824001881,9.06841743694663
GA,Barrow,0.462803630671384,2.16074363666791,0.304414929299427,3.28499000460121
GA,Butts,0.209738388581093,4.76784439303233,0.0513496872091353,19.4743153142732
GA,Chattooga,0,Inf,-0.158388701371958,-6.31358165915897
GA,Clinch,0,Inf,-0.158388701371958,-6.31358165915897
GA,Coffee,0.464823318769798,2.15135506249256,0.30643461739784,3.26333887630493
GA,Tattnall,0.19047619047619,5.25,0.0320874891042327,31.164794376762
GA,Twiggs,0.178571428571429,5.6,0.0201827271994708,49.5473178682323
GA,Burke,0.384103125077267,2.60346749274388,0.241959692049464,4.13291979143191
GA,Catoosa,0.283029017985921,3.53320662000016,0.140885584958118,7.0979582495773
GA,Harris,0.241245982220124,4.14514675352211,0.0991025491923215,10.0905577924072
GA,Liberty,0.283029017985921,3.53320662000016,0.140885584958118,7.0979582495773
GA,Madison,0.303920535868819,3.29033376155808,0.161777102841017,6.18134446988293
GA,Morgan,0,Inf,-0.142143433027803,-7.03514737683594
GA,Pierce,0.178571428571429,5.6,0.036427995543626,27.4514143607601
GA,Washington,0.178571428571429,5.6,0.0364279955436262,27.45141436076
GA,Baker,-0.362277143021978,-2.76031767187513,-0.487680577188319,-2.05052250750976
GA,Ben Hill,0.257142857142857,3.88888888888889,0.131739422976516,7.59074221980052
GA,Bryan,0.384026213384673,2.60398890790904,0.258622779218332,3.86663542562811
GA,Camden,0.228571428571428,4.375,0.103167994405088,9.69292856536024
GA,Colquitt,0.491786425233006,2.03340301539678,0.366382991066666,2.7293843447499
GA,Crisp,0.228571428571428,4.375,0.103167994405088,9.69292856536025
GA,Fannin,0.407561785899726,2.45361570833345,0.282158351733385,3.5441091637256
GA,Greene,-0.114285714285714,-8.75,-0.239689148452055,-4.17207039391702
GA,Irwin,0.276562857307693,3.61581453755173,0.151159423141352,6.61553199409131
GA,Jasper,0.142857142857143,7,0.017453708690802,57.2944133373209
GA,Macon,0,Inf,-0.125403434166341,-7.97426327793826
GA,Meriwether,0.467557942188579,2.13877235261822,0.342154508022239,2.92265621686623
GA,Mitchell,0.449730045486811,2.22355613113985,0.32432661132047,3.08331159114135
GA,Pulaski,0.390848571593407,2.55853563932244,0.265445137427066,3.76725680377084
GA,Seminole,0.238986513617151,4.18433653374253,0.11358307945081,8.80412826307527
GA,Stephens,0.13370571445055,7.47911189966263,0.00830228028420912,120.448836436177
GA,Telfair,0,-Inf,-0.0712635766160071,-14.0324138569181
GA,Walton,0.395348837209302,2.52941176470588,0.271730714774757,3.680113971764
GA,Decatur,0.5,2,0.361838610715405,2.76366305415241
GA,Dodge,0,Inf,-0.138161389284595,-7.23791216328987
GA,Jackson,0.2,5,0.0618386107154042,16.1711265571964
GA,Jones,0.3,3.33333333333333,0.161838610715405,6.17899520750652
GA,Long,0,Inf,-0.138161389284595,-7.23791216328987
GA,Taylor,0,Inf,-0.138161389284595,-7.23791216328987
GA,Thomas,0.842206476617282,1.18735729036007,0.704045087332687,1.42036357896986
GA,Ware,0.596578428466209,1.67622554266835,0.458417039181614,2.18141978706822
GA,White,0,Inf,-0.138161389284595,-7.23791216328987
GA,Wilkes,0,Inf,-0.138161389284595,-7.23791216328987
GA,Calhoun,0.533985000288462,1.8727117792818,0.397839235899039,2.5135781234352
GA,Franklin,0.4,2.5,0.263854235610577,3.78997137448232
GA,Haralson,0.4,2.5,0.263854235610577,3.78997137448232
GA,McDuffie,0,-Inf,-0.136145764389423,-7.34506875395447
GA,Toombs,0.3,3.33333333333333,0.163854235610577,6.10298535325413
GA,Chattahoochee,0,-Inf,-0.0876245750896855,-11.4123235288329
GA,Habersham,0,-Inf,-0.0876245750896855,-11.4123235288329
GA,Hart,0,-Inf,-0.0876245750896855,-11.4123235288329
GA,Upson,0.660964047443681,1.51294159473206,0.573339472353996,1.74416737067524
GA,Bulloch,0,Inf,-0.0665456623761052,-15.0272754721136
GA,Jenkins,0,Inf,-0.0665456623761052,-15.0272754721136
GA,Murray,0.584962500721156,1.70951129135146,0.518416838345052,1.92894969073981
GA,Pike,1,1,0.933454337623895,1.07128968144869
GA,Wheeler,0,Inf,-0.0665456623761052,-15.0272754721136
GA,Bacon,,,,
GA,Brooks,,,,
GA,Candler,,,,
HI,Hawaii,0.331745278215566,3.01436091382801,0.209380011548203,4.77600508570887
HI,Honolulu,0.286793285121907,3.48683198623333,0.164428018454544,6.08168856742896
HI,Kauai,0.215468377580984,4.6410522566085,0.0931031109136212,10.7407796601746
HI,Maui,0.22219341317387,4.50058345886916,0.099828146506507,10.0172149338145
HI,Unknown,-0.0357142857142856,-28.0000000000001,-0.146026897608487,-6.84805345026986
IA,Adair,0,Inf,-0.104958579139413,-9.52756800062749
IA,Allamakee,0.169885524503039,5.88631670017366,0.0649269453636258,15.401925878377
IA,Black Hawk,0.268166826702003,3.72902201326803,0.163208247562589,6.12714133589668
IA,Carroll,0,Inf,-0.104958579139413,-9.52756800062749
IA,Dallas,0.150133660432045,6.66073149167393,0.0451750812926319,22.1360974100361
IA,Harrison,0.306210828524507,3.26572383092575,0.201252249385094,4.96888856176962
IA,Johnson,0.163007789234468,6.13467616913457,0.0580492100950546,17.2267632645219
IA,Polk,0.330961329531952,3.02150103582859,0.226002750392539,4.4247249126974
IA,Pottawattamie,0.170345454626143,5.87042373507821,0.0653868754867302,15.2935890047681
IA,Washington,0.382764966073523,2.61256930136055,0.27780638693411,3.59962926351718
IA,Winneshiek,0.116904152125639,8.55401610479398,0.0119455729862258,83.7130208113983
IA,Dubuque,0.377361590948427,2.64997822774356,0.268113131936887,3.72976882100425
IA,Muscatine,0.364247980503896,2.74538241397142,0.254999521492357,3.92157598629052
IA,Fayette,0.116666666666667,8.57142857142857,0.0298453301549716,33.5060793366168
IA,Henry,0.188997500048077,5.29107527742759,0.102176163536382,9.78701847269817
IA,Linn,0.491468882139827,2.0347168179724,0.404647545628132,2.47128645855915
IA,Story,0.15,6.66666666666667,0.0631786634883048,15.8281284342951
IA,Cerro Gordo,0.212495535800138,4.70598121619152,0.125117049811813,7.99251582021867
IA,Kossuth,0,Inf,-0.087378485988325,-11.4444647179354
IA,Poweshiek,0.367418299269623,2.72169350842857,0.280039813281298,3.57092082116019
IA,Scott,0.589376122930448,1.69670938657624,0.501997636942123,1.99204124961906
IA,Sioux,0.19047619047619,5.25,0.103097704487866,9.69953700683703
IA,Tama,0.227806062929814,4.38969879527787,0.140427576941489,7.12110841602473
IA,Woodbury,0.222377381021062,4.49686022655913,0.134998895032737,7.40746803710874
IA,Hancock,0.104457589414492,9.57326323156814,0.0115808372186959,86.34954287982
IA,Wapello,0,Inf,-0.0928767521957961,-10.7669570302359
IA,Buchanan,0.228571428571428,4.375,0.127940804387062,7.816114685153
IA,Cedar,0.631816863066824,1.58273711648977,0.531186238882457,1.88257889004027
IA,Jasper,0.421568214347527,2.37209534771906,0.320937590163161,3.11587059493908
IA,Warren,0,Inf,-0.100630624184367,-9.93733277623207
IA,Benton,0.3,3.33333333333333,0.172459641000304,5.79845808677196
IA,Appanoose,0,-Inf,-0.0982428981431897,-10.1788528117574
IA,Clayton,0,-Inf,-0.0982428981431897,-10.1788528117574
IA,Des Moines,0,-Inf,-0.0982428981431897,-10.1788528117574
IA,Mahaska,0.3,3.33333333333333,0.20175710185681,4.9564550184197
IA,Monona,0.3,3.33333333333333,0.20175710185681,4.9564550184197
IA,Page,0.3,3.33333333333333,0.20175710185681,4.9564550184197
IA,Butler,0,-Inf,-0.0826516145648142,-12.0989771980294
IA,Clinton,0,-Inf,-0.0826516145648142,-12.0989771980294
IA,Dickinson,0,-Inf,-0.0826516145648142,-12.0989771980294
IA,Hardin,0,-Inf,-0.0826516145648142,-12.0989771980294
IA,Iowa,0.5,2,0.417348385435186,2.39607971397148
IA,Marshall,1.29248125036058,0.773705614469083,1.20982963579576,0.826562658421118
IA,Montgomery,0,-Inf,-0.0826516145648142,-12.0989771980294
IA,Webster,0,-Inf,-0.0826516145648142,-12.0989771980294
IA,Wright,0,-Inf,-0.0826516145648142,-12.0989771980294
IA,Boone,0,Inf,-0.0242855164021152,-41.1768061029537
IA,Keokuk,0,Inf,-0.0242855164021152,-41.1768061029537
IA,Shelby,0,Inf,-0.0242855164021152,-41.1768061029537
IA,Taylor,0,Inf,-0.0242855164021152,-41.1768061029537
ID,Ada,0.482283352928761,2.07346986771843,0.208089156740403,4.80563243017764
ID,Bingham,0,Inf,-0.274194196188358,-3.64705020712054
ID,Blaine,0.41413179931821,2.41469020646642,0.139937603129852,7.14604207613926
ID,Canyon,0.553812505410669,1.80566525715859,0.279618309222311,3.57630372196032
ID,Kootenai,0.370965917336104,2.69566543250381,0.0967717211477459,10.3335973375244
ID,Madison,-5.23364152894592e-17,-19107155017577300,-0.274194196188358,-3.64705020712054
ID,Teton,-5.23364152894592e-17,-19107155017577300,-0.274194196188358,-3.64705020712054
ID,Twin Falls,0.227318303631525,4.39911781860279,-0.0468758925568331,-21.3329271285359
ID,Valley,0,Inf,-0.274194196188358,-3.64705020712054
ID,Bannock,0.100279285837912,9.97214919955018,-0.274730702910247,-3.63992808014142
ID,Cassia,0,Inf,-0.37500998874816,-2.66659563746062
ID,Fremont,0,Inf,-0.337065902686988,-2.96677887626218
ID,Idaho,0,Inf,-0.337065902686988,-2.96677887626218
ID,Jefferson,9.93013661298909e-17,10070354910243200,-0.337065902686988,-2.96677887626218
ID,Nez Perce,0.4,2.5,0.0629340973130122,15.8896376160978
ID,Payette,0,Inf,-0.337065902686988,-2.96677887626218
ID,Custer,0,-Inf,-0.205487395948325,-4.86647852723518
ID,Unknown,0,Inf,-0.528580030823638,-1.89186110273934
ID,Gem,0.792481250360578,1.26185950714291,0.729392697322006,1.37100358102232
ID,Bonneville,0,Inf,-0.0355745572962379,-28.1099773546796
ID,Lincoln,0,Inf,-0.0355745572962379,-28.1099773546796
ID,Owyhee,,,,
KS,Butler,0.0389975000480772,25.6426693702718,0.0718646663372634,13.9150440817044
KS,Cherokee,0.116666666666667,8.57142857142858,0.149533832955853,6.68744979134742
KS,Douglas,0.393508098472945,2.54124376062556,0.426375264762131,2.34535181246474
KS,Ford,0,Inf,0.0328671662891864,30.4255009756959
KS,Franklin,0.334912291750802,2.98585637084969,0.367779458039988,2.71902081026851
KS,Johnson,0.263155850911345,3.8000295130694,0.296023017200531,3.37811569335699
KS,Leavenworth,0.289569992369301,3.45339650637784,0.322437158658487,3.10137951891321
KS,Linn,0.304795206325824,3.28089149450404,0.337662372615011,2.96153815497873
KS,Morris,0,Inf,0.0328671662891867,30.4255009756956
KS,Reno,0.313984336044454,3.18487225381339,0.34685150233364,2.8830781855403
KS,Riley,0.15,6.66666666666667,0.182867166289186,5.46845024337829
KS,Sedgwick,0.625649221948459,1.59833971643999,0.658516388237645,1.51856509247439
KS,Wyandotte,0.292765621851138,3.41570158981463,0.325632788140325,3.07094382513185
KS,Jackson,0,Inf,0.0188948274252096,52.9245373612564
KS,Mitchell,0.13208020839343,7.57115704285749,0.150975035818639,6.62361160954625
KS,Bourbon,0.339634821583105,2.94433885000013,0.294655335171142,3.39379566780686
KS,Lyon,0.335280323244104,2.9825788472291,0.290300836832141,3.44470243665961
KS,Doniphan,0,Inf,-0.0554979009901618,-18.01869948518
KS,Pottawatomie,0,Inf,-0.0554979009901618,-18.01869948518
KS,Woodson,0,Inf,-0.0554979009901618,-18.01869948518
KS,Crawford,0.4,2.5,0.33346287838893,2.99883454743548
KS,Neosho,0,Inf,-0.0665371216110701,-15.0292043867679
KS,Shawnee,0.503830935689748,1.98479277305788,0.437293814078677,2.28679200986841
KS,Jefferson,0,-Inf,-0.123497558261744,-8.09732608543219
KS,Sumner,0,-Inf,-0.123497558261744,-8.09732608543219
KS,Clay,0,-Inf,-0.170730416544574,-5.85718713887706
KS,Coffey,1.5,0.666666666666667,1.32926958345543,0.752292847475308
KS,Gove,0,-Inf,-0.170730416544574,-5.85718713887706
KS,Harvey,0,-Inf,-0.170730416544574,-5.85718713887706
KS,McPherson,0.792481250360578,1.26185950714291,0.621750833816005,1.60836133320881
KS,Osage,0,-Inf,-0.170730416544574,-5.85718713887706
KS,Ottawa,0,-Inf,-0.170730416544574,-5.85718713887706
KS,Miami,0,Inf,-0.101646601817965,-9.83800719468085
KS,Finney,,,,
KS,Montgomery,,,,
KS,Stafford,,,,
KS,Stevens,,,,
LA,Ascension,0.647615908191789,1.54412513242935,0.529765750733686,1.88762674562309
LA,Bossier,0.436630778723836,2.29026456385588,0.318780621265732,3.13695354513539
LA,Caddo,0.498622663247869,2.0055245653824,0.380772505789766,2.6262400378039
LA,East Baton Rouge,0.53654612918631,1.86377264806017,0.418695971728206,2.38836785525403
LA,Jefferson,0.360031061921636,2.77753812313466,0.242180904463532,4.1291447078173
LA,Lafourche,0.328336027999617,3.04566028313277,0.210485870541513,4.75091272125449
LA,Orleans,0.258273564958128,3.87186354190806,0.140423407500025,7.1213198554509
LA,St. Bernard,0.353707771296413,2.82719261817401,0.23585761383831,4.23984616704188
LA,St. Charles,0.303355973816241,3.29645725257995,0.185505816358137,5.39066655500117
LA,St. John the Baptist,0.437693880771625,2.28470180628769,0.319843723313522,3.12652688519313
LA,St. Tammany,0.392693155001725,2.54651752204748,0.274842997543621,3.63844088784284
LA,Terrebonne,0.272555326731139,3.66897984344458,0.154705169273035,6.46390812084067
LA,Unknown,0.214021877879254,4.67241952042014,0.0961717204211504,10.3980670785637
LA,Washington,0.300145857923937,3.33171347729683,0.182295700465833,5.48559289903508
LA,Assumption,0.415278461818752,2.40802278938427,0.27874873674805,3.58746020400394
LA,Calcasieu,0.46534084032579,2.14896246652215,0.328811115255088,3.04125971904634
LA,Iberia,0.255018596321363,3.92128266104894,0.118488871250661,8.43961115879411
LA,Iberville,0.561949933395654,1.77951796160447,0.425420208324951,2.35061706151054
LA,Lafayette,0.422038440591282,2.36945240959327,0.28550871552058,3.50252004803656
LA,Livingston,0.422131777090432,2.36892850591007,0.28560205201973,3.50137540304129
LA,Plaquemines,0.432075443419645,2.31441063182285,0.295545718348943,3.38357126466413
LA,St. James,0.706688634249843,1.41505035108073,0.570158909179141,1.75389699941671
LA,St. Landry,0.254520166582692,3.92896175350846,0.11799044151199,8.47526280252438
LA,Webster,0.40705514192249,2.45666961797135,0.270525416851789,3.69651033768803
LA,West Baton Rouge,0.274414997981541,3.64411569103547,0.137885272910839,7.25240614091276
LA,Catahoula,0,Inf,-0.138103732861754,-7.2409338927937
LA,De Soto,0.447701056537321,2.23363332607333,0.309597323675567,3.23000208182652
LA,Rapides,0.543506200512482,1.83990541240759,0.405402467650728,2.46668454140132
LA,Tangipahoa,0.316104118052901,3.16351462347177,0.178000385191147,5.61796537083975
LA,Avoyelles,0.52371491643065,1.9094357800909,0.393918332757911,2.53859725948466
LA,Beauregard,0.309749375012019,3.22841652210338,0.17995279133928,5.55701299522837
LA,Bienville,0.184912291750802,5.40796931632678,0.0551157080780628,18.143647879542
LA,Claiborne,0.252832083357372,3.95519424086114,0.123035499684633,8.12773551180935
LA,Evangeline,0.15,6.66666666666667,0.0202034163272613,49.4965793805208
LA,Ouachita,0.530102861150726,1.88642633965272,0.400306277477988,2.49808723035823
LA,St. Mary,0.435722292512215,2.29503979297081,0.305925708839476,3.26876745270439
LA,Acadia,0.531238839500344,1.88239248647661,0.421491739868258,2.37252573517232
LA,Allen,0.408800462261768,2.44618118694706,0.321310403610109,3.11225527951918
LA,Grant,0.107142857142857,9.33333333333333,0.0196527984911974,50.8833385966843
LA,Lincoln,0.371405167488312,2.6924773469434,0.283915108836652,3.52217958423389
LA,Natchitoches,0,Inf,-0.0874900586516599,-11.4298700379375
LA,Richland,0.214285714285714,4.66666666666667,0.126795655634055,7.88670554207397
LA,St. Martin,0.77943309591403,1.28298375478567,0.69194303726237,1.44520566888922
LA,Vernon,-7.76994260291724e-17,-12870107941653900,-0.0573405026333484,-17.4396797041401
LA,Jackson,0.3,3.33333333333333,0.292789768645147,3.41541989198391
LA,Jefferson Davis,0.2,5,0.192789768645146,5.18699725108662
LA,Morehouse,0.141503749927884,7.06695052611423,0.134293518573031,7.44637574937159
LA,Union,0.614720492494223,1.62675559414411,0.60751026113937,1.64606273172164
LA,Winn,0,Inf,-0.00721023135485382,-138.691804851285
LA,East Feliciana,0.326303440583379,3.06463210504969,0.409369032542412,2.44278370005038
LA,LaSalle,0.4,2.5,0.483065591959033,2.07011225110152
LA,Madison,0,-Inf,0.0830655919590324,12.0386790296179
LA,Pointe Coupee,0.4,2.5,0.483065591959033,2.07011225110152
LA,Vermilion,0.358496250072116,2.7894294565113,0.441561842031148,2.26468844182749
LA,West Feliciana,1,1,1.23534098218066,0.809493099010419
LA,East Carroll,0,Inf,0.683712005285895,1.46260412610694
LA,Franklin,6.2803698347351e-16,1592262918131440,0.683712005285895,1.46260412610694
LA,Caldwell,,,,
LA,Red River,,,,
LA,Sabine,,,,
MA,Barnstable,0.561015938529387,1.78248055237315,0.497759742890919,2.009001359154
MA,Berkshire,0.285922193117133,3.49745498626031,0.222665997478665,4.4910314611274
MA,Bristol,0.531966133768858,1.87981891425161,0.468709938130391,2.13351567493713
MA,Essex,0.50286233425736,1.98861583354981,0.439606138618893,2.27476350339805
MA,Hampden,0.60247822351677,1.65981102879176,0.539222027878303,1.85452364387771
MA,Middlesex,0.281132291802856,3.55704424271991,0.217876096164388,4.58976463046913
MA,Norfolk,0.310403671873838,3.22161137451507,0.24714747623537,4.04616715182498
MA,Plymouth,0.52124220868763,1.91849390424036,0.457986013049163,2.18347279503633
MA,Suffolk,0.366481460892578,2.72865098704984,0.303225265254111,3.29787822647949
MA,Worcester,0.450642480991236,2.21905399996998,0.387386285352769,2.58140269237813
MA,Unknown,0.69666441600181,1.43541133583232,0.628833718317263,1.59024551462661
MA,Franklin,0.571120357995341,1.75094441303064,0.480497128419139,2.08117789026139
MA,Hampshire,0.515363711778706,1.94037720767851,0.402246147595578,2.48603996825697
MA,Nantucket,0.304224944403526,3.28704144218232,0.135668389173637,7.37091378537809
MA,Dukes,0,Inf,-0.13233255258409,-7.55671964662327
MD,Anne Arundel,0.358848738792805,2.78668946521612,0.306331177889582,3.26444081496808
MD,Baltimore,0.40183997780617,2.48855279521829,0.349322416902947,2.86268487681348
MD,Baltimore city,0.40481609497963,2.47025751298332,0.352298534076408,2.83850173439302
MD,Calvert,0.440771873224236,2.26874730614053,0.388254312321014,2.57563140515278
MD,Carroll,0.468524462971352,2.13436027151723,0.416006902068129,2.40380627107055
MD,Charles,0.384958556938771,2.59768222312578,0.332440996035549,3.00805259256613
MD,Frederick,0.595421554564997,1.67948236393723,0.542903993661775,1.84194629561519
MD,Harford,0.279341850292159,3.57984311679083,0.226824289388937,4.40869892150437
MD,Howard,0.26020591623408,3.84311015857304,0.207688355330858,4.81490644194737
MD,Montgomery,0.277141708468033,3.60826237785622,0.224624147564811,4.45188111269947
MD,Prince George's,0.345940448644634,2.89067093460137,0.293422887741411,3.4080504342977
MD,Talbot,0.128876742463578,7.75935192715326,0.0763591815603556,13.0960020729083
MD,Wicomico,0.262121192726099,3.81502918401924,0.209603631822877,4.77090969895522
MD,Worcester,0.096969696969697,10.3125,0.0444521360664744,22.4961067901121
MD,Caroline,0.105664166714744,9.46394630357187,0.0370228062723498,27.0103782150853
MD,Somerset,0,Inf,-0.0686413604423938,-14.5684758220845
MD,Washington,0.345643228247047,2.89315663747144,0.277001867804653,3.61008396053567
MD,Cecil,0.585240049045912,1.70870056078741,0.496518551742847,2.0140234367676
MD,St. Mary's,0.490350892977336,2.03935592719767,0.401629395674271,2.48985759202501
MD,Garrett,1.25887458127547e-16,7943603079083660,-0.115551718740275,-8.65413349885082
MD,Queen Anne's,0.214285714285714,4.66666666666667,0.0987339955454396,10.1282237640203
MD,Kent,0.416992500144231,2.39812466568131,0.251468712636263,3.97663784697721
ME,Androscoggin,0.278865333382881,3.58596024779819,0.232910630825786,4.29349229983403
ME,Cumberland,0.17500054081101,5.71426805520527,0.129045838253917,7.74918442571045
ME,Kennebec,0.215542591990424,4.63945427567479,0.16958788943333,5.89664747489608
ME,Knox,0.4,2.5,0.354045297442906,2.82449733755117
ME,Lincoln,-1.55398852058345e-16,-6435053970826940,-0.0459547025570941,-21.7605586448438
ME,Oxford,0.119140714326923,8.39343632988462,0.073186011769829,13.6638132864107
ME,Penobscot,0.329313622390925,3.0366189917674,0.28335891983383,3.52909306891214
ME,Sagadahoc,0.202221325466981,4.94507687401784,0.156266622909887,6.39931919803927
ME,Unknown,-1.55398852058345e-16,-6435053970826940,-0.0459547025570941,-21.7605586448438
ME,Waldo,0.228571428571428,4.375,0.182616726014335,5.47594966696262
ME,York,0.292444215649797,3.41945556275767,0.246489513092702,4.05696772837517
ME,Franklin,0.4,2.5,0.288524509859792,3.46591005556494
ME,Somerset,,,,
MN,Anoka,0.174242944076255,5.73911331274548,0.206823262417822,4.83504605966331
MN,Benton,0,Inf,0.0325803183415673,30.6933771952793
MN,Blue Earth,0.233811651204446,4.27694682813559,0.266391969546013,3.75386691161977
MN,Carver,0.253414862689666,3.94609846236449,0.285995181031234,3.49656241197571
MN,Dakota,0.245194202809039,4.07839985017434,0.277774521150606,3.60004220638297
MN,Hennepin,0.233341396594189,4.28556619012241,0.265921714935756,3.76050523080294
MN,Olmsted,0.300044255390859,3.33284167929604,0.332624573732426,3.00639242849337
MN,Ramsey,0.206247540189628,4.84854267391785,0.238827858531196,4.18711621897903
MN,Renville,0,Inf,0.0325803183415673,30.6933771952793
MN,Stearns,0.0647708002762255,15.4390558050131,0.0973511186177928,10.2720956286704
MN,Waseca,0.114953324228128,8.69918296590949,0.147533642569695,6.77811502910327
MN,Washington,0.373796522825704,2.6752522801457,0.406376841167272,2.46077014902624
MN,Wright,0.202684359505362,4.93377980639669,0.235264677846929,4.25053182293108
MN,Martin,0.2789201489304,3.58525550712198,0.297261605458936,3.3640402313515
MN,Nicollet,0.0972486264528743,10.2829215843433,0.115590082981411,8.65126119998391
MN,Rice,0.163284090959521,6.124295356171,0.174070803265309,5.74478879422333
MN,Mower,0.343815568532425,2.90853612088742,0.338511990804368,2.95410510458968
MN,Scott,0.286679310720165,3.48821823761159,0.281375732992109,3.55396675244928
MN,Chisago,0.127272727272727,7.85714285714286,0.129634132260859,7.71401777108923
MN,Clay,0.242424242424243,4.125,0.244785647412374,4.08520683533118
MN,Fillmore,0.160260434389744,6.2398433138404,0.162621839377876,6.14923557515761
MN,Dodge,0.322752149572247,3.09835271841049,0.327178603098975,3.05643459116271
MN,Jackson,0,Inf,0.00442645352672791,225.914492033358
MN,St. Louis,0.403654682481227,2.47736504344034,0.408081136007955,2.45049308032829
MN,Steele,0.149542339173008,6.6870693980725,0.153968792699736,6.49482263558539
MN,Unknown,0,Inf,0.00442645352672791,225.914492033358
MN,Wabasha,0.333333333333333,3,0.337759786860061,2.96068400947421
MN,Le Sueur,0.529918802662471,1.88708155848726,0.543481509889251,1.83998900018471
MN,Big Stone,0,Inf,0.0123613916500978,80.8970404227983
MN,Cass,0,Inf,0.0123613916500978,80.8970404227983
MN,Lac qui Parle,0,Inf,0.0123613916500978,80.8970404227983
MN,Sherburne,0.471235820541356,2.12207976645578,0.483597212191454,2.06783656892568
MN,Goodhue,0.3,3.33333333333333,0.275463928566303,3.63023937545893
MN,Winona,0.2,5,0.175463928566303,5.6991770797046
MN,Kandiyohi,0,-Inf,0.00928557268641628,107.693949934061
MN,Sibley,0,-Inf,0.00928557268641628,107.693949934061
MN,Wilkin,0,-Inf,0.00928557268641628,107.693949934061
MN,Beltrami,0.5,2,0.522769335144814,1.91288955333041
MN,Faribault,0,-Inf,0.0227693351448133,43.9187175927617
MN,Lincoln,0,-Inf,0.0227693351448133,43.9187175927617
MN,Mahnomen,0,-Inf,0.0227693351448133,43.9187175927617
MN,Clearwater,0,Inf,0.0166711332194202,59.9839247181531
MN,Lyon,,,,
MN,Cottonwood,,,,
MN,Douglas,,,,
MN,Isanti,,,,
MN,Otter Tail,,,,
MS,Copiah,0.201957355578611,4.9515403741299,0.0115595627147984,86.5084627050652
MS,Forrest,0.247866381596455,4.03443175132993,0.0574685887326431,17.4008101130206
MS,Hancock,0.265787752818238,3.76240059745666,0.0753899599544255,13.2643657140091
MS,Hinds,0.36243056592798,2.75914918334652,0.172032773064167,5.81284590248979
MS,Leflore,0.231102150077387,4.32709085426138,0.0407043572135744,24.5673944622939
MS,Monroe,0.170678577491816,5.85896610280778,-0.0197192153719967,-50.7119568976412
MS,Pearl River,0.267627609098192,3.73653526767898,0.0772298162343797,12.9483669489147
MS,Harrison,0.36869326812225,2.71228168903921,0.182039972799608,5.49329899703298
MS,Jackson,0.444273510751006,2.2508656847661,0.257620215428364,3.8816829585257
MS,Bolivar,0.257160952392603,3.88861524541766,0.0482511019429621,20.7249152813568
MS,Coahoma,0.324253751657642,3.08400440978038,0.115343901208001,8.66972583315598
MS,DeSoto,0.537046355822546,1.86203665504515,0.328136505372905,3.04751218967109
MS,Madison,0.466655318628992,2.14290925246057,0.257745468179351,3.87979663450049
MS,Perry,0.0944055944055944,10.5925925925926,-0.114504256044046,-8.73329983136461
MS,Holmes,0.298565286426302,3.34935119875981,0.101683775711355,9.83441058324438
MS,Jones,0.163177186157468,6.12830766082086,-0.0337043245574788,-29.6697831251481
MS,Scott,0.350964039103664,2.84929476693374,0.154082528388718,6.49002849613949
MS,Walthall,0.268021048679158,3.73105024746425,0.0711395379642119,14.0568807250768
MS,Wilkinson,0.407630496138235,2.45320212661636,0.210748985423288,4.74498132454354
MS,Winston,0.222816136402972,4.48800529505394,0.0259346256880258,38.558489797742
MS,Yazoo,0.283587299774163,3.52625100205953,0.0867057890592169,11.533255286069
MS,Adams,0.303732238216545,3.29237359152851,0.13333905817986,7.49967799120874
MS,Franklin,0.111269090979021,8.98722179898586,-0.0591240890576639,-16.9135798274151
MS,Humphreys,0.096969696969697,10.3125,-0.0734234830669883,-13.6196208383038
MS,Lafayette,0.358833311590791,2.78680927243563,0.188440131554106,5.30672522754461
MS,Lawrence,0.292795374412229,3.41535450144131,0.122402194375544,8.1697881733385
MS,Lee,0.372377604316052,2.68544613964287,0.201984424279366,4.95087679937584
MS,Marshall,0.378951551882575,2.63885975669488,0.20855837184589,4.7948207072643
MS,Pike,0.409881166536726,2.43973151645258,0.239487986500041,4.17557479443684
MS,Rankin,0.378012599845978,2.64541446609836,0.207619419809293,4.81650512711452
MS,Smith,0,Inf,-0.170393180036685,-5.8687794886198
MS,Tippah,0.314861216561644,3.17600246521381,0.144468036524959,6.92194636304368
MS,Attala,0.490197790523877,2.03999287498072,0.355931153883715,2.80953209374504
MS,Clay,0.15,6.66666666666667,0.0157333633598373,63.5592007334367
MS,George,0.105664166714744,9.46394630357187,-0.0286024699254189,-34.9620156094038
MS,Grenada,0.105664166714744,9.46394630357186,-0.0286024699254188,-34.9620156094039
MS,Itawamba,1.33226762955019e-16,7505999378950830,-0.134266636640163,-7.44786661097366
MS,Leake,0.338128539659158,2.95745517668525,0.203861903018995,4.90528139486084
MS,Lincoln,0.290576458465545,3.44143501948068,0.156309821825383,6.39755063579512
MS,Lowndes,0.180640986082211,5.53584223430274,0.0463743494420491,21.5636448172633
MS,Panola,0.254795206325824,3.92472061943438,0.120528569685662,8.29678807778106
MS,Simpson,0.116666666666667,8.57142857142857,-0.0175999699734961,-56.8182787530836
MS,Tunica,0.31669380167761,3.15762416158049,0.182427165037448,5.48163975356809
MS,Union,0.25441104177484,3.93064700739296,0.120144405134677,8.32331725209374
MS,Washington,0.435221529934822,2.29768044827598,0.30095489329466,3.32275707184105
MS,Chickasaw,0.403757197125506,2.47673603621029,0.30075425122169,3.32497378154394
MS,Montgomery,0.389337833089106,2.56846346543243,0.286334887185291,3.49241410933237
MS,Oktibbeha,0.381893389231452,2.61853184212606,0.278890443327636,3.58563738530551
MS,Pontotoc,0.328392410722871,3.04513736416368,0.225389464819055,4.43676460566961
MS,Sunflower,0.332335780431869,3.0090049247797,0.229332834528053,4.36047460041172
MS,Tate,0.568743303700206,1.75826245952096,0.465740357796391,2.14711906164072
MS,Webster,0.247314732271635,4.04343077670627,0.144311786367819,6.92944093596915
MS,Lamar,0.321428571428571,3.11111111111111,0.254305620593259,3.93227643835454
MS,Marion,0.327497321480083,3.05346008779744,0.26037437064477,3.84062378153303
MS,Tallahatchie,0.107142857142857,9.33333333333333,0.0400199063075443,24.9875647462844
MS,Choctaw,0.367278656350667,2.72272832278397,0.366735266325837,2.72676257731788
MS,Newton,0,Inf,-0.000543390024829526,-1840.29878044545
MS,Noxubee,0.228571428571428,4.375,0.228028038546599,4.38542560982317
MS,Amite,0.4,2.5,0.396708558561573,2.52074218823487
MS,Calhoun,0.316992500144231,3.15464876785729,0.313701058705804,3.18774824709094
MS,Prentiss,0.5,2,0.496708558561573,2.01325300875813
MS,Benton,0.6,1.66666666666667,0.527374227621329,1.8961867069432
MS,Lauderdale,0.722881869049588,1.38335189028154,0.650256096670918,1.53785563121922
MS,Quitman,0.341503749927884,2.92822553254883,0.268877977549214,3.71915918557133
MS,Yalobusha,0,-Inf,-0.0726257723786706,-13.7692167290973
MS,Jefferson,0,-Inf,-0.0561516358673024,-17.8089201597475
MS,Kemper,0,-Inf,-0.0561516358673024,-17.8089201597475
MS,Neshoba,1,1,0.943848364132698,1.0594922214215
MS,Sharkey,0,-Inf,-0.0561516358673024,-17.8089201597475
MS,Unknown,6.2803698347351e-16,1592262918131440,0.0269468992130972,37.1100211602069
MS,Clarke,0,Inf,-0.1392501709477,-7.18131972976596
MS,Covington,0,Inf,-0.1392501709477,-7.18131972976596
MS,Carroll,,,,
MS,Claiborne,,,,
MS,Warren,,,,
MT,Broadwater,0.208238787948718,4.80217931467343,0.234952463645977,4.25618009908074
MT,Flathead,0.286710681140626,3.48783657456249,0.313424356837885,3.19056250155197
MT,Gallatin,0.486056221850286,2.0573751657643,0.512769897547545,1.95019248357355
MT,Lewis and Clark,0.218874596338425,4.5688262444756,0.245588272035684,4.07185567824956
MT,Madison,0.248603333385781,4.02247221057252,0.27531700908304,3.63217660736095
MT,Missoula,0.163585071768735,6.11302724134713,0.190298747465994,5.25489533334264
MT,Roosevelt,0,Inf,0.0267136756972593,37.4340098806618
MT,Silver Bow,0.381496493377029,2.6212560727569,0.408210169074288,2.44971849248081
MT,Yellowstone,0.311116034845213,3.21423484487877,0.337829710542472,2.96007120982416
MT,Cascade,0.195641623103237,5.11138674959936,0.0946596711560595,10.5641609334493
MT,Ravalli,0,Inf,-0.100981951947178,-9.90275965870701
MT,Jefferson,0.257142857142857,3.88888888888889,0.13460789458195,7.42898477912968
MT,Hill,0,Inf,-0.188649749138405,-5.30082867624879
MT,Lincoln,0.6,1.66666666666667,0.41480753674158,2.41075658329465
MT,Meagher,0,-Inf,-0.18519246325842,-5.39978777972507
MT,Toole,0.696578428466209,1.43558852691131,0.511385965207789,1.95547016937329
MT,Lake,0.792481250360578,1.26185950714291,0.668048934011758,1.49689633361858
MT,Park,0.5,2,0.37556768365118,2.66263590700413
MT,Deer Lodge,,,,
NC,Brunswick,0.244708767362747,4.08649028302953,0.209333704345474,4.77706159706442
NC,Cabarrus,0.486919136983656,2.05372909800743,0.451544073966383,2.21462323980017
NC,Chatham,0.25791562220264,3.8772370260469,0.222540559185367,4.49356289775044
NC,Craven,0.173812867988761,5.75331396099315,0.138437804971488,7.22346038501517
NC,Durham,0.197452176725709,5.06451747751128,0.162077113708436,6.16990256748354
NC,Forsyth,0.295697590406524,3.38183344215015,0.26032252738925,3.84138864211601
NC,Gaston,0.460482841409635,2.1716335769185,0.425107778392361,2.35234463077039
NC,Guilford,0.417186483224008,2.39700958734813,0.381811420206735,2.61909400053707
NC,Harnett,0.129710406007546,7.70948168909305,0.0943353429902726,10.6004808834279
NC,Hoke,0.184224204604458,5.42816836770753,0.148849141587185,6.71821140073067
NC,Iredell,0.376976204174951,2.65268732860367,0.341601141157678,2.92739068906803
NC,Johnston,0.285309799865947,3.50496197631435,0.249934736848674,4.00104448308625
NC,Lincoln,0.0720437500327798,13.8804545785721,0.0366686870155066,27.2712246167177
NC,Mecklenburg,0.439602171535697,2.27478403144966,0.404227108518424,2.47385684662567
NC,Moore,0.0933151136953673,10.7163776627285,0.0579400506780941,17.2592185939885
NC,New Hanover,0.499973095369578,2.00010762431287,0.464598032352305,2.15239826767432
NC,Onslow,0.26895420455201,3.71810510144533,0.233579141534737,4.28120419241837
NC,Sampson,0,Inf,-0.0353750630172733,-28.2685008790433
NC,Wake,0.25357915020596,3.94354188500036,0.218204087188687,4.58286557728534
NC,Watauga,0.151384003237725,6.60571776814263,0.116008940220452,8.62002530235775
NC,Wayne,0.181995909169581,5.49462899777718,0.146620846152307,6.82031256975025
NC,Wilson,0.273300733496912,3.65897298263673,0.237925670479638,4.20299330452272
NC,Carteret,0.321164183994148,3.11367222696981,0.277096502539701,3.60885103505313
NC,Davidson,0.450947708827677,2.21755201417851,0.40688002737323,2.45772692863762
NC,Franklin,0.0468259047108889,21.3557005715996,0.00275822325644193,362.552232733323
NC,Orange,0.408775358098565,2.44633141452445,0.364707676644118,2.74192199407911
NC,Pasquotank,0.0545454545454546,18.3333333333333,0.0104777730910075,95.4401275265494
NC,Pitt,0.450048898557368,2.22198077410144,0.405981217102921,2.46316814146229
NC,Rowan,0.485249772170245,2.06079437302479,0.441182090715797,2.266637792068
NC,Stanly,0.199377896084765,5.01560112548711,0.155310214630318,6.4387265343769
NC,Buncombe,0.644214037824392,1.5522791204258,0.546372259291881,1.83025397610054
NC,Catawba,0.513498563616795,1.94742511635585,0.415656785084283,2.40583105072429
NC,Cherokee,0.0487468750600963,20.5141354962175,-0.0390115361954776,-25.6334432714784
NC,Cumberland,0.440454111054699,2.2703840761196,0.352695699799125,2.83530533706405
NC,Davie,0.370175446488668,2.70142174335329,0.282417035233094,3.54086289155556
NC,Granville,0.391066964371566,2.55710681572649,0.303308553115992,3.29697263636867
NC,Henderson,0.565566554004318,1.76813850274528,0.477808142748744,2.09289024303182
NC,Lee,0.178571428571429,5.6,0.0908130173158548,11.0116372030886
NC,Nash,0.227318303631525,4.39911781860279,0.139559892375951,7.16538242453044
NC,Robeson,0.178571428571429,5.6,0.0908130173158548,11.0116372030886
NC,Scotland,0.0833333333333333,12,-0.00442507792224048,-225.98472107666
NC,Union,0.296475760848024,3.37295702400645,0.20871734959245,4.79116854421849
NC,Alamance,0.186103456517808,5.37335532993882,0.0905624697501921,11.0421016869174
NC,Richmond,0,Inf,-0.0955409867676158,-10.4667120764861
NC,Vance,0.211600446557349,4.72588794716449,0.116059459789733,8.61627308805086
NC,Jackson,0,Inf,-0.0757691192866473,-13.1979889619257
NC,Montgomery,0.362277143021978,2.76031767187513,0.23659587476231,4.2266163812223
NC,Randolph,0.572180173553493,1.7477012420573,0.446498905293825,2.23964714838872
NC,Transylvania,0.276562857307693,3.61581453755173,0.150881589048025,6.62771386694309
NC,Bertie,0.116992500144231,8.54755645675727,-0.00471048940834511,-212.29216612363
NC,Burke,0.2,5,0.0782970104474235,12.7718797216594
NC,Caldwell,0.316992500144231,3.15464876785729,0.195289510591655,5.12060272449028
NC,Cleveland,0.522881869049588,1.91247786391531,0.401178879497012,2.49265365428453
NC,Duplin,0,Inf,-0.121702989552577,-8.21672502603556
NC,Hertford,0.2,5,0.0782970104474234,12.7718797216594
NC,Lenoir,0.316992500144231,3.15464876785729,0.195289510591655,5.12060272449028
NC,McDowell,0.258496250072116,3.86852807234542,0.136793260519539,7.3103016640002
NC,Northampton,0.970274987882829,1.03063565740474,0.848571998330253,1.17845038720075
NC,Beaufort,0.175488750216347,5.69837097117152,0.056884299623553,17.5795431536956
NC,Greene,-5.76888805915069e-16,-1733436304789770,0.0550597791788168,18.1620779253821
NC,Person,0,-Inf,0.0550597791788171,18.162077925382
NC,Surry,0.5,2,0.555059779178817,1.80160775021287
NC,Edgecombe,0,Inf,0.403402866298104,2.47891148909444
NC,Perquimans,0,Inf,0.403402866298104,2.47891148909444
NC,Polk,3.14018491736755e-16,3184525836262890,0.403402866298106,2.47891148909444
NC,Alleghany,,,,
NC,Bladen,,,,
NC,Caswell,,,,
NC,Columbus,,,,
NC,Currituck,,,,
NC,Halifax,,,,
NC,Pamlico,,,,
NC,Washington,,,,
NC,Yadkin,,,,
NM,Bernalillo,0.243353046921237,4.1092561307591,0.121076528354333,8.25923912414702
NM,Doa Ana,0.233787556523844,4.27738762006356,0.11151103795694,8.96772210465973
NM,Lea,0.178571428571429,5.6,0.0562949100045245,17.763595321844
NM,McKinley,0.285833479369424,3.49854048660114,0.16355696080252,6.11407790346147
NM,San Juan,0.580815625163127,1.72171676634757,0.458539106596223,2.18083907264331
NM,San Miguel,0,Inf,-0.122276518566904,-8.17818508181393
NM,Sandoval,0.222097667130805,4.50252365510461,0.0998211485639014,10.0179171887593
NM,Santa Fe,0.267764651137792,3.73462290765707,0.145488132570888,6.87341285044511
NM,Socorro,-5.23364152894592e-17,-19107155017577300,-0.122276518566904,-8.17818508181394
NM,Taos,0.27696026793441,3.61062620085572,0.154683749367505,6.46480321358226
NM,Chaves,0.164811065861258,6.06755374570435,0.0344903756972668,28.9935954533324
NM,Cibola,0.257142857142857,3.88888888888889,0.134213748994393,7.45080148265416
NM,Curry,0.226423214388736,4.41650827500021,0.103494106240273,9.66238596890137
NM,Eddy,0.558496250072116,1.79052231751041,0.450176828204811,2.22134933952008
NM,Rio Arriba,0.0584962500721156,17.0951129135146,-0.0498231717951889,-20.0709823154327
NM,Roosevelt,0,-Inf,-0.196597834505421,-5.08652601650312
NM,Valencia,0.5,2,0.303402165494579,3.29595538110247
NY,Albany,0.308197623586317,3.24467135198377,0.134760052622457,7.42059668677627
NY,Broome,0.384008441036788,2.60410942348061,0.210570870072928,4.74899495667973
NY,Delaware,0.274821755268057,3.63872212017791,0.101384184304197,9.86347137734581
NY,Dutchess,0.394424504357266,2.53533943493077,0.220986933393405,4.5251544272067
NY,Erie,0.490006829970385,2.04078788056983,0.316569259006524,3.15886641406135
NY,Greene,0.152529067392515,6.55612741292533,-0.0209085035713455,-47.8274304322032
NY,Herkimer,0.281188975543744,3.55632719265138,0.107751404579884,9.28062148144554
NY,Monroe,0.415183700722602,2.40857239400188,0.241746129758742,4.13657087705181
NY,Montgomery,0.214619942606432,4.65939925179177,0.0411823716425714,24.2822343666646
NY,Nassau,0.478078658880724,2.091706001563,0.304641087916864,3.28255130270838
NY,New York City,0.498356153907176,2.00659707351835,0.324918582943316,3.07769408244174
NY,Orange,0.567557327376717,1.76193655118868,0.394119756412857,2.53729985297276
NY,Putnam,0.551097464430753,1.81456106141394,0.377659893466894,2.64788508734688
NY,Rockland,0.586985652974375,1.70361915139288,0.413548082010515,2.41809850776813
NY,Saratoga,0.344567459814799,2.90218931450314,0.171129888850939,5.8435145766444
NY,Schenectady,0.342299235128082,2.92142049229476,0.168861664164222,5.92200725338982
NY,Suffolk,0.518300080639871,1.92938422615224,0.344862509676011,2.89970632336775
NY,Tioga,0.125,8,-0.04843757096386,-20.64513104396
NY,Tompkins,0.416445735846084,2.40127323663987,0.243008164882224,4.11508806909702
NY,Ulster,0.374273906561795,2.67184001467357,0.200836335597935,4.97917867811508
NY,Westchester,0.416624278491086,2.40024418073225,0.243186707527226,4.11206685664777
NY,Allegany,0.0452846428777473,22.082541375001,-0.119992868428323,-8.3338286108007
NY,Onondaga,0.597788626403474,1.67283209454215,0.432511115097403,2.31207930870122
NY,Ontario,0.367116742675842,2.72392915864092,0.201839231369772,4.95443820913085
NY,Clinton,0.357073232597188,2.80054596287282,0.207565673715277,4.81775229063995
NY,Rensselaer,0.373297638772735,2.67882755242608,0.223790079890824,4.46847331431245
NY,Sullivan,0.517020583047339,1.93415897314177,0.367513024165428,2.72099200367351
NY,Wyoming,0.262023401454348,3.81645301316429,0.112515842572437,8.8876373063305
NY,Chenango,0.279372758934614,3.57944705780726,0.142528906324926,7.01612062973582
NY,Essex,0.210647246495932,4.74727306734253,0.0738033938862447,13.5495123915484
NY,Hamilton,0.0699300699300699,14.3,-0.0669137826796173,-14.9446042347956
NY,Jefferson,0.266311596705517,3.7549998286623,0.12946774409583,7.72393160152551
NY,Livingston,0.255989508421554,3.90641009534358,0.119145655811867,8.39308821782821
NY,Warren,0.378227735941032,2.643909753239,0.241383883331345,4.14277865696323
NY,Washington,0.308532532007595,3.24114929953443,0.171688679397908,5.82449584624265
NY,Schoharie,0.260474912328634,3.83914132482106,0.141623113881338,7.06099430095763
NY,Wayne,0.372186702546663,2.68682355698784,0.253334904099367,3.94734394597186
NY,Columbia,0.461752392041329,2.16566284709251,0.344206523666896,2.90523256022813
NY,Fulton,0,Inf,-0.117545868374433,-8.5073173036978
NY,Genesee,0.412761345278726,2.42270748324247,0.295215476904293,3.38735628120268
NY,Niagara,0.39728637933506,2.51707597344189,0.279740510960627,3.57474145080384
NY,Oneida,0.367943204009881,2.7178107629164,0.250397335635448,3.9936527178384
NY,Steuben,0.383395192374223,2.60827475119699,0.284082717284193,3.52010150268878
NY,Cortland,0.329814023565296,3.03201176587332,0.252621303035923,3.95849434700208
NY,Madison,0.583256540365948,1.71451142129084,0.506063819836575,1.97603535523036
NY,St. Lawrence,0.545828869133471,1.83207605267847,0.468636148604097,2.13385160956672
NY,Cayuga,0,Inf,-0.0634421957190157,-15.7623800479571
NY,Oswego,0.486239637289829,2.05659909910623,0.422797441570813,2.36519879657908
NY,Otsego,0.603657936559452,1.65656730316427,0.540215740840436,1.85111229532901
NY,Chemung,0.884040490765307,1.13116990731308,0.826989647070403,1.20920498042809
NY,Orleans,0.150418928756869,6.64809946636678,0.093368085061965,10.7102978425266
NY,Chautauqua,0.696578428466209,1.43558852691131,0.640439537054016,1.56142764795556
NY,Franklin,0.716992500144231,1.39471472825565,0.660853608732038,1.51319443033484
NY,Cattaraugus,2,0.5,1.96906762264999,0.50785457467133
NY,Schuyler,0,Inf,-0.0309323773500057,-32.3285853099751
NY,Lewis,,,,
OK,Cleveland,0.427096050361947,2.34139369622487,0.39294368052501,2.54489396206577
OK,Jackson,0,Inf,-0.0341523698369368,-29.2805449453312
OK,Kay,0.309731315788668,3.22860475846204,0.275578945951731,3.62872423561397
OK,Oklahoma,0.427730901459196,2.33791852912314,0.393578531622259,2.54078899039077
OK,Payne,0.286596839376711,3.48922201017567,0.252444469539774,3.96126721184694
OK,Tulsa,0.351336416910171,2.84627482910682,0.317184047073234,3.1527436806086
OK,Canadian,0.256038511783749,3.90566244520513,0.212143837808972,4.71378292354862
OK,Pawnee,0.393972909341899,2.53824559071948,0.336220656088894,2.97423725131156
OK,Custer,0.23499659097465,4.25538087957996,0.0904788275385001,11.0523094430516
OK,Grady,0.127272727272727,7.85714285714286,-0.0172450361634231,-57.987700954841
OK,Logan,0.216131250098339,4.62681819285736,0.0716134866621892,13.9638501992947
OK,McClain,0.127272727272727,7.85714285714286,-0.0172450361634231,-57.987700954841
OK,Washington,0.443796712638771,2.25328392825197,0.299278949202621,3.34136431133675
OK,Garvin,0.109090909090909,9.16666666666667,-0.0749731430502875,-13.3381096125216
OK,Muskogee,0.507786230349445,1.96933264478603,0.291308981205457,3.43278122034525
OK,Noble,0.247314732271635,4.04343077670627,0.0308374831276479,32.4280680060894
OK,Pontotoc,0.318743303700207,3.13732081079435,0.106145838617032,9.42100051239824
OK,Mayes,0.362277143021978,2.76031767187513,0.177159108905029,5.64464342917911
OK,Wagoner,0.561718571346153,1.78025091391141,0.376600537229204,2.65533343992918
OK,Adair,0.258496250072116,3.86852807234542,0.127866345116416,7.82066617364834
OK,Bryan,0,Inf,-0.1306299049557,-7.65521493978832
OK,Carter,0,Inf,-0.1306299049557,-7.65521493978832
OK,Creek,0.403421571533792,2.47879655071008,0.272791666578092,3.66580113147896
OK,Delaware,0.6,1.66666666666667,0.4693700950443,2.13051494025331
OK,Osage,0.764385618977473,1.30824020647813,0.633755714021773,1.57789504358716
OK,Pottawatomie,0.2,5,0.0693700950443,14.4154336153265
OK,Stephens,0.3,3.33333333333333,0.1693700950443,5.90423002206169
OK,Comanche,0.562340735374842,1.77828127520128,0.478027313629096,2.09193067318305
OK,Craig,0,-Inf,-0.0843134217457469,-11.8605078443569
OK,Lincoln,0.475488750216347,2.10309917857153,0.3911753284706,2.55639844135814
OK,Okmulgee,0.175488750216347,5.69837097117152,0.0911753284706,10.9678793240921
OK,Ottawa,0.8,1.25,0.715686578254253,1.39725968096155
OK,Sequoyah,0.4,2.5,0.315686578254253,3.16769881548338
OK,Caddo,0,-Inf,-0.0578803802008529,-17.2770115975372
OK,Cherokee,0,-Inf,-0.0578803802008529,-17.2770115975372
OK,Choctaw,0,-Inf,-0.0578803802008529,-17.2770115975372
OK,Latimer,0,-Inf,-0.0578803802008529,-17.2770115975372
OK,Pittsburg,0,-Inf,-0.0578803802008533,-17.2770115975371
OK,Le Flore,0,Inf,-0.0575580585544563,-17.3737618174506
OK,Nowata,1.58496250072116,0.630929753571458,1.5274044421667,0.654705441724034
OK,Garfield,,,,
OK,Rogers,,,,
OK,Seminole,,,,
OK,Texas,,,,
OR,Benton,0.246950357252219,4.04939685500703,0.149124750409316,6.70579496197117
OR,Clackamas,0.275995247963009,3.62325078920934,0.178169641120106,5.61262846865078
OR,Deschutes,0.153609282155315,6.51002326141265,0.0557836753124118,17.9263914469526
OR,Douglas,0.186856153865173,5.35171028256074,0.0890305470222702,11.2320999190296
OR,Jackson,0.202731005897627,4.9326445926331,0.104905399054724,9.53239784616181
OR,Klamath,0.101098901098901,9.89130434782609,0.00327329425599785,305.502628786777
OR,Linn,0.111469947290612,8.97102783580682,0.0136443404477088,73.2904608934707
OR,Marion,0.378423195690915,2.64254414472196,0.280597588848012,3.56382249792481
OR,Multnomah,0.421736399651503,2.37114937393675,0.3239107928086,3.08726977365926
OR,Polk,0.326189487926086,3.06570271886443,0.228363881083183,4.37897619911155
OR,Umatilla,0.0643179395747042,15.5477617382086,-0.033507667268199,-29.8439157818983
OR,Washington,0.268544443246483,3.72377841042181,0.17071883640358,5.8575844415668
OR,Yamhill,0.28437051509885,3.51653897610444,0.186544908255946,5.36063948005466
OR,Lane,0.221741151301155,4.50976282089319,0.125186821699473,7.9880612545674
OR,Grant,0,Inf,-0.111781776251443,-8.94600205449041
OR,Union,0,Inf,-0.111781776251443,-8.94600205449041
OR,Josephine,0.388427238125779,2.57448474732399,0.264304657701815,3.78351258996043
OR,Hood River,0.107142857142857,9.33333333333333,-0.01690254033574,-59.1627045483529
OR,Clatsop,0.362277143021978,2.76031767187513,0.22192415997383,4.50604386704866
OR,Lincoln,0,Inf,-0.147470690485474,-6.78100846146441
OR,Tillamook,0.3,3.33333333333333,0.27010444060159,3.70227160195053
OR,Wasco,0.475488750216347,2.10309917857153,0.445593190817936,2.24419946400973
OR,Columbia,0,-Inf,-0.0579120379818799,-17.2675670697842
OR,Morrow,0,-Inf,-0.0579120379818799,-17.2675670697842
PA,Adams,0.0966495125947099,10.346663662893,-0.0631423656068785,-15.8372273573967
PA,Allegheny,0.406268729761361,2.46142497993235,0.246476851559773,4.05717613508825
PA,Beaver,0.467887318319784,2.13726673249249,0.308095440118195,3.24574748531289
PA,Berks,0.428102779080284,2.33588766265044,0.268310900878695,3.72701965043196
PA,Bucks,0.394285612047958,2.53623254169967,0.23449373384637,4.26450627740508
PA,Butler,0.745183327996578,1.34195165461967,0.585391449794989,1.70825863676385
PA,Centre,0.561165109609862,1.78200672649664,0.401373231408274,2.4914466679588
PA,Chester,0.37188570843664,2.68899819840852,0.212093830235051,4.71489434130054
PA,Cumberland,0.133942097933752,7.46591262513002,-0.0258497802678364,-38.685048369415
PA,Delaware,0.398072278093455,2.51210660734639,0.238280399891867,4.19673628403263
PA,Erie,0.318271154951269,3.14197496205119,0.15847927674968,6.3099732691203
PA,Franklin,0.460676883744382,2.17071886019546,0.300885005542794,3.32352886178562
PA,Lackawanna,0.46160464542201,2.16635601464924,0.301812767220422,3.31331245264941
PA,Lancaster,0.538157552383193,1.85819189115078,0.378365674181605,2.64294588076198
PA,Lebanon,0.406208863961921,2.46178773709316,0.246416985760333,4.05816180615329
PA,Lehigh,0.445427136378984,2.24503609755192,0.285635258177395,3.50096835517044
PA,Luzerne,0.52033358154461,1.92184405440737,0.360541703343022,2.77360424807389
PA,Monroe,0.300068938909795,3.33256752142751,0.140277060708207,7.12874931190724
PA,Montgomery,0.340027809297138,2.94093592540879,0.180235931095549,5.54828326361777
PA,Montour,0.344475569391506,2.90296348668916,0.184683691189918,5.41466327403896
PA,Northampton,0.372824683377238,2.68222584122243,0.21303280517565,4.69411271740745
PA,Philadelphia,0.479346870568386,2.08617195897044,0.319554992366798,3.12935182953474
PA,Pike,0.518859849752606,1.92730272052618,0.359067971551017,2.78498802240822
PA,Potter,0.116666666666667,8.57142857142857,-0.043125211534922,-23.1882920548742
PA,Washington,0.276929937076871,3.61102165607476,0.117138058875282,8.53693504571992
PA,Wayne,0.309487828185251,3.23114484296109,0.149695949983662,6.68020744789115
PA,Westmoreland,0.484910236796022,2.06223734645687,0.325118358594433,3.07580293011827
PA,York,0.299707217451346,3.33658965073919,0.139915339249758,7.1471791825122
PA,Columbia,0.409935565570628,2.43940776060259,0.244248117708381,4.09419736529534
PA,Dauphin,0.778703303886673,1.28418615281172,0.613015856024426,1.63127917519992
PA,Fayette,0.563963239797325,1.77316521615731,0.398275791935078,2.51082295296272
PA,Mercer,0.430491184032502,2.32292794159636,0.264803736170256,3.77638176282018
PA,Schuylkill,0.565975081265808,1.7668622402306,0.400287633403562,2.49820358300158
PA,Cambria,0,Inf,-0.151467612750226,-6.6020714385261
PA,Armstrong,0.312137500103022,3.20371630986327,0.171632732714818,5.82639444226285
PA,Bradford,0.362277143021978,2.76031767187513,0.221772375633774,4.50912787105351
PA,Carbon,0.588700357410715,1.69865702884623,0.448195590022511,2.23116876261494
PA,Clearfield,0.142857142857143,7,0.00235237546893844,425.102205495822
PA,Juniata,0,Inf,-0.140504767388204,-7.11719622464535
PA,Somerset,0.142857142857143,7,0.00235237546893844,425.102205495822
PA,Greene,0.416992500144231,2.39812466568131,0.267385396113817,3.73992003502814
PA,Lawrence,0.9,1.11111111111111,0.750392895969586,1.33263521732558
PA,Lycoming,0.416992500144231,2.39812466568131,0.267385396113817,3.73992003502814
PA,Warren,0,Inf,-0.149607104030414,-6.68417456831934
PA,Blair,0.575488750216347,1.7376534287144,0.472782536673174,2.11513734630872
PA,Crawford,0.575488750216347,1.7376534287144,0.472782536673174,2.11513734630872
PA,Indiana,0.3,3.33333333333333,0.197293786456827,5.06858334445736
PA,Susquehanna,0,-Inf,-0.102706213543173,-9.73650926756876
PA,Northumberland,0,-Inf,-0.076968149598781,-12.9923871784991
PA,Union,,,,
PA,Cameron,0,Inf,-0.0661964915015187,-15.1065408047654
PA,Clarion,0,Inf,-0.0661964915015187,-15.1065408047654
PA,Huntingdon,0,Inf,-0.0661964915015187,-15.1065408047654
PA,McKean,0,Inf,-0.0661964915015187,-15.1065408047654
PA,Perry,0,Inf,-0.0661964915015187,-15.1065408047654
PA,Snyder,1,1,0.933803508498481,1.0708891012928
PA,Tioga,0,Inf,-0.0661964915015187,-15.1065408047654
PA,Mifflin,,,,
PA,Venango,,,,
RI,Unknown,0.161634085842072,6.18681384430926,0.141237400747199,7.08027756606694
RI,Bristol,0.227500704749987,4.39559077893387,0.107622128780837,9.29176937241609
RI,Kent,0.4,2.5,0.28012142403085,3.56988046687165
RI,Newport,0.217492568250068,4.59785825348397,0.0976139922809177,10.2444329612312
RI,Providence,0.4,2.5,0.28012142403085,3.56988046687164
RI,Washington,0.24447848426729,4.09033949550626,0.124599908298139,8.02568808965115
TN,Campbell,0.190909090909091,5.23809523809524,0.120768419882535,8.28031037395906
TN,Cheatham,0.273395902005237,3.65769930224062,0.203255230978681,4.919922578056
TN,Cumberland,0.27908409104021,3.58314942379113,0.208943420013655,4.78598464567417
TN,Davidson,0.223923704729086,4.46580678543992,0.153783033702531,6.50266792066507
TN,Dyer,0.156267954637238,6.39926466255612,0.0861272836106823,11.6107226197944
TN,Hamilton,0.433600383939379,2.30627102059902,0.363459712912823,2.75133657038862
TN,Jefferson,0.280573973987712,3.56412245151361,0.210433302961157,4.75209952953401
TN,Knox,0.460881601994865,2.16975465210942,0.39074093096831,2.55924046022479
TN,Montgomery,0.306863296041213,3.2587800916591,0.236722625014658,4.22435329085287
TN,Robertson,0.458978935565757,2.17874922466182,0.388838264539202,2.57176335560767
TN,Rutherford,0.578792592886627,1.72773461908466,0.508651921860071,1.96598097249517
TN,Sevier,0.254723181896853,3.92583035651987,0.184582510870298,5.41763136325889
TN,Shelby,0.389151110312807,2.56969586749009,0.319010439286251,3.13469365528408
TN,Sullivan,0.346315795500437,2.88753794367066,0.276175124473881,3.62089091805433
TN,Sumner,0.420029735275118,2.38078382556655,0.349889064248562,2.85804874224248
TN,Unknown,0.685924907438359,1.4578855340515,0.615784236411803,1.62394543554255
TN,Washington,0.348901668255661,2.86613705517521,0.278760997229106,3.58730242013781
TN,Williamson,0.161951115556602,6.17470275868833,0.0918104445300457,10.8920069510473
TN,Wilson,0.39910106089988,2.50563102424542,0.328960389873325,3.03987966571014
TN,Anderson,0.338533388930828,2.9539183805717,0.279393294820045,3.57918396232126
TN,Blount,0.422082500161714,2.36920507156034,0.362942406050931,2.75525808868879
TN,Bradley,0.337751854261822,2.96075354548553,0.278611760151039,3.58922394179589
TN,Dickson,0.263805201009291,3.79067583267542,0.204665106898508,4.88603072186551
TN,Greene,0.400089405091825,2.49944134304304,0.340949310981042,2.93298730278298
TN,Hamblen,0.0545454545454545,18.3333333333333,-0.00459463956532843,-217.644928569825
TN,Maury,0.379886253319984,2.63236690262042,0.320746159209201,3.11773024021706
TN,Tipton,0.360074257007731,2.77720492520111,0.300934162896948,3.32298596601158
TN,Carroll,0.238128539659157,4.19941264256413,0.200243143187402,4.99392880116813
TN,Cocke,0,Inf,-0.0378853964717556,-26.3953948784863
TN,Fayette,0.242213747956433,4.12858480758025,0.204328351484677,4.8940834335219
TN,Monroe,1.33226762955019e-16,7505999378950830,-0.0378853964717555,-26.3953948784864
TN,Putnam,0.23766710100861,4.20756594310363,0.199781704536855,5.0054633497009
TN,Roane,0.0666666666666666,15,0.0287812701949111,34.7448181830701
TN,Scott,0,Inf,-0.0378853964717555,-26.3953948784863
TN,Chester,0.19047619047619,5.25,0.170134633769167,5.87769801977397
TN,Franklin,0.385230952518315,2.59584541029957,0.364889395811291,2.74055648500448
TN,Gibson,0.191604017917239,5.21909723433846,0.171262461210215,5.83899117724668
TN,Houston,0.171607589277129,5.82724810838698,0.151266032570105,6.61086949270348
TN,Loudon,0.472377381021062,2.11695148874076,0.452035824314038,2.21221404634797
TN,Marion,0.360160674573947,2.77653855791711,0.339819117866923,2.94274202780908
TN,McMinn,0.254278571565934,3.93269473649179,0.233937014858911,4.27465487068435
TN,Perry,0.178571428571429,5.6,0.158229871864405,6.31991916707707
TN,Claiborne,0.228571428571428,4.375,0.205863729899398,4.85758224864906
TN,DeKalb,0.378990357328297,2.63858955950628,0.356282658656267,2.80676023854638
TN,Grundy,0.228571428571428,4.375,0.205863729899398,4.85758224864906
TN,Hardin,0,Inf,-0.0227076986720303,-44.0379280367907
TN,Lincoln,0,Inf,-0.0227076986720303,-44.0379280367907
TN,Madison,0.293276071614011,3.40975652904996,0.270568372941981,3.69592347075404
TN,Overton,0.228571428571428,4.375,0.205863729899398,4.85758224864906
TN,Weakley,0,-Inf,-0.0230251184413062,-43.4308297935196
TN,Bedford,0,Inf,-0.0253104025568129,-39.5094466694219
TN,Hawkins,0.3,3.33333333333333,0.274689597443187,3.64047277111332
TN,Lewis,0.2,5,0.174689597443187,5.72443931771737
TN,White,0,Inf,-0.0253104025568129,-39.5094466694219
TN,Benton,0.533985000288462,1.8727117792818,0.516515762049694,1.93604933958199
TN,Cannon,0.358496250072116,2.7894294565113,0.341027011833347,2.93231904013715
TN,Macon,0.575488750216347,1.7376534287144,0.558019511977579,1.79205203139954
TN,Meigs,0,-Inf,-0.0174692382387682,-57.2434805875377
TN,Unicoi,0,-Inf,-0.0174692382387682,-57.2434805875377
TN,Smith,0,-Inf,-0.0558143708381977,-17.9165326954762
TN,Bledsoe,3.14018491736755e-16,3184525836262890,-0.0767716238353156,-13.0256460661184
TN,Carter,0,Inf,-0.0767716238353159,-13.0256460661184
TN,Decatur,0,Inf,-0.0767716238353159,-13.0256460661184
TN,Hardeman,0,Inf,-0.0767716238353159,-13.0256460661184
TN,Johnson,1,1,0.923228376164685,1.08315561546564
TN,Morgan,0,Inf,-0.0767716238353159,-13.0256460661184
TN,Trousdale,0,Inf,-0.0767716238353159,-13.0256460661184
TN,Union,0,Inf,-0.0767716238353159,-13.0256460661184
TN,Coffee,,,,
TN,Haywood,,,,
TN,Henry,,,,
TN,McNairy,,,,
TN,Obion,,,,
UT,Box Elder,0.3,3.33333333333333,0.188819868458536,5.29605283683161
UT,Cache,0.0965784284662087,10.354279065018,-0.0146017030752556,-68.4851619599512
UT,Davis,0.2555723710166,3.91278601838791,0.144392239475136,6.92557995938691
UT,Iron,0.5,2,0.388819868458536,2.57188503243023
UT,Salt Lake,0.281156909681406,3.55673279071517,0.169976778139941,5.88315657552176
UT,Summit,0.194424387749831,5.14338767668754,0.0832442562083658,12.012840831888
UT,Tooele,0.416992500144231,2.39812466568131,0.305812368602767,3.26997892390331
UT,Utah,0.326803508689216,3.05994266711188,0.215623377147752,4.63771606412957
UT,Wasatch,0.342146376843828,2.92272567438716,0.230966245302364,4.32963699388572
UT,Washington,0.124511249783653,8.03140279884403,0.0133311182421884,75.012461958018
UT,Weber,0.563303153661075,1.77524303476858,0.45212302211961,2.21178739209491
UT,Morgan,0,-Inf,-0.167134338598969,-5.98321092112286
UT,Unknown,-0.696578428466209,-1.43558852691131,-0.863712767065178,-1.15779231028148
UT,Uintah,0,-Inf,-0.17822441751105,-5.6109034551228
UT,Garfield,0,Inf,-0.11378401865939,-8.78858043319318
UT,San Juan,2,0.5,1.88621598134061,0.530161980331255
VA,Alexandria city,0.312020012499086,3.20492263297672,0.281570115839624,3.55151325991419
VA,Arlington,0.247374064334833,4.04246096974197,0.216924167675371,4.60990589806716
VA,Chesterfield,0.210177542070432,4.75788226538919,0.17972764541097,5.56397429963193
VA,Fairfax,0.334096012460738,2.99315155734616,0.303646115801276,3.29330739950733
VA,Hanover,0.137534910729739,7.27088122349558,0.107085014070277,9.33837482940169
VA,Harrisonburg city,0.182623413253061,5.47574915059933,0.152173516593599,6.5714456916353
VA,James City,0.224629959584622,4.45176592583271,0.19418006292516,5.14985928491235
VA,Loudoun,0.292492809836675,3.41888746105722,0.262042913177212,3.81616883996297
VA,Prince Edward,0.0892857142857143,11.2,0.0588358176262522,16.9964494477222
VA,Prince William,0.339460207459626,2.94585338141271,0.309010310800164,3.23613797031742
VA,Spotsylvania,0.170652934561401,5.85984649235667,0.140203037901939,7.13251306793666
VA,Virginia Beach city,0.296440733037859,3.37335557685417,0.265990836378397,3.75952801087255
VA,Stafford,0.304292537254163,3.28631128789314,0.269949263049,3.70439981463659
VA,York,0.300817994624366,3.32426921883017,0.266474720419203,3.75270118841613
VA,Charlottesville city,0.375131549907354,2.66573152870498,0.342872111739137,2.91653933277845
VA,Goochland,0.230599123549315,4.3365299252152,0.198339685381097,5.0418553305586
VA,Henrico,0.408987078797887,2.4450650199983,0.37672764062967,2.65443756218307
VA,Williamsburg city,0.223441180713943,4.4754507508633,0.191181742545726,5.23062498899876
VA,Charles City,0,Inf,-0.0341022852400986,-29.3235480543154
VA,Richmond city,0.252644543858841,3.95813020430288,0.218542258618742,4.57577406914491
VA,Accomack,0.177361590948427,5.63819931165807,0.155515844867073,6.43021295260783
VA,Gloucester,0.236600606165502,4.22653185977259,0.214754860084147,4.65647203331357
VA,Newport News city,0.45472784000682,2.19911760842486,0.432882093925466,2.31009786275008
VA,Norfolk city,0.334878960340846,2.98615356122159,0.313033214259492,3.19454918662734
VA,Portsmouth city,0.270786060641026,3.69295227986523,0.248940314559672,4.01702714069761
VA,Albemarle,0.522497522750023,1.91388467209715,0.511251461727238,1.95598462764595
VA,Botetourt,0.0666666666666666,15,0.0554206056438825,18.0438302393468
VA,Franklin,0.154795206325824,6.4601483711009,0.14354914530304,6.96625533986249
VA,Isle of Wight,0.218245625084135,4.5819933371608,0.206999564061351,4.8309280482524
VA,Mecklenburg,0.316666666666667,3.15789473684211,0.305420605643883,3.27417332531254
VA,Suffolk city,0,Inf,-0.0112460610227841,-88.920022572707
VA,Amherst,0.142857142857143,7,0.146954768206094,6.80481492507659
VA,Bedford,0.178571428571429,5.6,0.18266905392038,5.47438101056718
VA,Culpeper,-5.23364152894592e-17,-19107155017577300,0.00409762534895115,244.043785080538
VA,Fluvanna,0.301897619184982,3.31238120625015,0.305995244533933,3.26802464372646
VA,Lee,-5.23364152894592e-17,-19107155017577300,0.00409762534895115,244.043785080538
VA,Louisa,0.384274367105206,2.60230732414744,0.388371992454157,2.57485096615982
VA,Rockingham,0.169584672593292,5.89675932799811,0.173682297942243,5.75763915982124
VA,Danville city,0.392857142857143,2.54545454545455,0.390314098606405,2.56203914634507
VA,Rockbridge,0.178571428571429,5.6,0.17602838432069,5.68090199690858
VA,Chesapeake city,0.672101666769694,1.48787013846622,0.646949759291249,1.54571508164023
VA,Halifax,0,Inf,-0.0251519074784453,-39.7584159713127
VA,Fairfax city,0,Inf,-0.0542460974875004,-18.434505822846
VA,Frederick,0.4,2.5,0.3457539025125,2.89223055107483
VA,Fredericksburg city,0,Inf,-0.0542460974875004,-18.434505822846
VA,Madison,0.375488750216347,2.66319563348789,0.321242652728847,3.11291166196438
VA,Manassas city,0.305889368905357,3.26915578523882,0.251643271417857,3.97387935058072
VA,Mathews,0.3,3.33333333333333,0.2457539025125,4.06911137433163
VA,Nelson,0.3,3.33333333333333,0.2457539025125,4.06911137433163
VA,Nottoway,0,Inf,-0.0542460974875004,-18.434505822846
VA,Orange,0,Inf,-0.0542460974875004,-18.434505822846
VA,Roanoke,0.2,5,0.1457539025125,6.86087976213359
VA,Shenandoah,0.0830074998557688,12.047104198266,0.0287614023682683,34.7688192389143
VA,Amelia,0,-Inf,-0.205080880923914,-4.87612494882448
VA,Fauquier,0.233985000288462,4.27377822837864,0.0289041193645485,34.5971446971853
VA,Greene,0,-Inf,-0.205080880923914,-4.87612494882448
VA,Hampton city,0.890749159334305,1.1226505122355,0.685668278410391,1.45843118529318
VA,King George,0.4,2.5,0.194919119076086,5.13033305680832
VA,Lynchburg city,0.475488750216347,2.10309917857153,0.270407869292433,3.6981172279367
VA,Northampton,0,-Inf,-0.205080880923914,-4.87612494882448
VA,Pittsylvania,0,-Inf,-0.205080880923914,-4.87612494882448
VA,Poquoson city,0.4,2.5,0.194919119076086,5.13033305680832
VA,Prince George,0.3,3.33333333333333,0.0949191190760859,10.5352853011458
VA,Radford city,0,-Inf,-0.205080880923914,-4.87612494882448
VA,Southampton,0,-Inf,-0.205080880923914,-4.87612494882448
VA,Warren,0,-Inf,-0.205080880923914,-4.87612494882448
VA,Washington,0.3,3.33333333333333,0.0949191190760859,10.5352853011458
VA,Bristol city,0,-Inf,-0.10229595261466,-9.77555782453008
VA,Galax city,0,-Inf,-0.10229595261466,-9.77555782453008
VA,Roanoke city,0,-Inf,-0.10229595261466,-9.77555782453008
VA,Hopewell city,0,Inf,0.0536971231797536,18.622971600405
VA,Lancaster,0,Inf,0.0536971231797536,18.622971600405
VA,Montgomery,0,Inf,0.0536971231797536,18.622971600405
VA,New Kent,0,Inf,0.0536971231797536,18.622971600405
VA,Northumberland,3.14018491736755e-16,3184525836262890,0.0536971231797536,18.622971600405
VA,Powhatan,0,Inf,0.0536971231797536,18.622971600405
VA,Alleghany,,,,
VA,Greensville,,,,
VA,Manassas Park city,,,,
VA,Tazewell,,,,
VA,Winchester city,,,,
VA,Wythe,,,,
WI,Bayfield,0.3,3.33333333333333,0.255973164639251,3.90665951803707
WI,Brown,0.258496250072115,3.86852807234542,0.214469414711367,4.66266950625943
WI,Calumet,0,Inf,-0.044026835360749,-22.7134199359585
WI,Chippewa,0.6,1.66666666666667,0.555973164639251,1.79864796289019
WI,Columbia,0.218142064028014,4.58416859882457,0.174115228667265,5.74332301461696
WI,Dane,0.251965905126629,3.96879093422357,0.207939069765879,4.80910105602527
WI,Dodge,0.383007499855769,2.6109149308475,0.33898066449502,2.95002076737828
WI,Douglas,0.175488750216347,5.69837097117152,0.131461914855598,7.60676581577587
WI,Dunn,0.416992500144231,2.39812466568131,0.372965664783483,2.68121195708599
WI,Eau Claire,0.241503749927884,4.14072245378638,0.197476914567136,5.06388304775762
WI,Fond du Lac,0.0538471440527126,18.5710870574876,0.00982030869196388,101.829792867745
WI,Grant,0,Inf,-0.044026835360749,-22.7134199359585
WI,Green,0.6,1.66666666666667,0.555973164639251,1.79864796289019
WI,Iowa,0,Inf,-0.0440268353607485,-22.7134199359588
WI,Jefferson,0.203421571533791,4.91589949118983,0.159394736173043,6.2737328973924
WI,Juneau,0.416992500144231,2.39812466568131,0.372965664783483,2.68121195708599
WI,Kenosha,0.25361063343794,3.94305233358721,0.209583798077191,4.77136118905381
WI,La Crosse,0.0965784284662087,10.354279065018,0.0525515931054598,19.0289188377832
WI,Marathon,0,Inf,-0.044026835360749,-22.7134199359585
WI,Milwaukee,0.205672158034168,4.86210680900168,0.161645322673418,6.18638376577318
WI,Monroe,0,Inf,-0.044026835360749,-22.7134199359585
WI,Outagamie,0.116992500144231,8.54755645675728,0.0729656647834823,13.7050762569956
WI,Ozaukee,0.211603199344711,4.72582646716488,0.167576363983963,5.96742867684909
WI,Pierce,0.124511249783653,8.03140279884402,0.0804844144229043,12.4247658030474
WI,Racine,0.356021583838547,2.80881846886422,0.311994748477798,3.20518215411937
WI,Rock,0.419967234483636,2.38113814100172,0.375940399122888,2.65999611197178
WI,Sauk,0.26520766965797,3.77063001718491,0.22118083429722,4.52118739481836
WI,Sheboygan,0.0577935233827187,17.3029768989481,0.0137666880219701,72.6391125014317
WI,St. Croix,1.98602732259782e-16,5035177455121580,-0.0440268353607489,-22.7134199359586
WI,Walworth,0.0789103217501379,12.6726133897465,0.0348834863893894,28.6668594084155
WI,Washington,0.143409789582838,6.97302466525391,0.0993829542220896,10.0620876872438
WI,Waukesha,0.232801409652104,4.29550663586784,0.188774574291354,5.29732356041023
WI,Winnebago,0.157853623156172,6.33498287847756,0.113826787795424,8.78527822288421
WI,Wood,0.2,5,0.155973164639251,6.41135930217798
WI,Clark,0.475488750216347,2.10309917857153,0.433091140525958,2.30898281314546
WI,Portage,0,-Inf,-0.0423976096903886,-23.5862353397412
WI,Vilas,0.3,3.33333333333333,0.257602390309611,3.88195155642036
WI,Iron,0,-Inf,-0.0251076226250428,-39.8285419107176
WI,Marinette,0,-Inf,-0.0251076226250428,-39.8285419107176
WI,Richland,0,-Inf,-0.0251076226250432,-39.828541910717
WI,Waupaca,0,-Inf,-0.0251076226250428,-39.8285419107176
WI,Oneida,0,Inf,0.102780020789626,9.72951739372415
WY,Campbell,0,Inf,-0.164671015260168,-6.0727141228836
WY,Carbon,0.20441104177484,4.89210363254988,0.0397400265146725,25.1635463713339
WY,Fremont,0.172986295269923,5.78080476513834,0.00831528000975582,120.260532276335
WY,Laramie,0.272082057779502,3.67536179401587,0.107411042519334,9.31002973758492
WY,Natrona,0.471077708441507,2.12279201940664,0.306406693181339,3.26363627901619
WY,Park,0,Inf,-0.164671015260168,-6.0727141228836
WY,Sheridan,0.0789765615803803,12.6619845178019,-0.0856944536797873,-11.6693666516235
WY,Teton,0.43727411591874,2.28689502441492,0.272603100658572,3.66833685157702
WY,Sweetwater,0,Inf,-0.22183087678791,-4.50793872557285
WY,Albany,0,Inf,-0.146870717123469,-6.80870918032854
WY,Hot Springs,0,-Inf,-0.111800111491054,-8.94453490844701
WY,Johnson,0.728771237954945,1.37217270375018,0.616971126463891,1.62082139196919
WY,Goshen,0,-Inf,-0.0106736475718523,-93.6886845165399
WY,Washakie,0,-Inf,-0.0106736475718523,-93.6886845165399
WY,Converse,0,Inf,0.0625317831942392,15.9918676378339
WY,Sublette,0,Inf,0.0625317831942392,15.9918676378339
