State,County,population,current_reported_cases,acute_beds,icu_beds,first_day_over_acute_capacity,first_day_over_icu_capacity,acute_bed_utilization_on_day_30,icu_bed_utilization_on_day_30
New York,Rockland County,325695,671,120,19,11,3,3.5731767512472,7.72021654012662
New York,Westchester County,967612,3891,1097,175,14,7,2.50883918356459,5.3613867482119
New York,New York County,1628701,15597,5180,897,16,10,2.05826627195894,3.9309934767235
Utah,Summit County,41933,90,27,4,15,10,2.25723875273243,3.8459651987803
Colorado,Eagle County,54993,96,38,5,19,12,1.64022863329933,2.97284612558877
New York,Orange County,381951,539,272,38,21,13,1.27629095787336,2.76296654164618
Louisiana,Orleans Parish,391006,675,325,76,20,18,1.39550022453351,1.77435425163263
New York,Nassau County,1358343,2869,2525,408,25,18,0.821917816038927,1.74350523818572
New York,Putnam County,98892,67,96,10,30,19,0.530096970257633,1.59439373972976
New York,Suffolk County,1481093,1880,1513,288,25,19,0.897031914101401,1.53656162156527
Washington,Snohomish County,814901,614,314,85,21,20,1.29431255114602,1.34816596616144
New York,Sullivan County,75498,30,47,6,31,21,0.480959093159352,1.23048980958276
New Jersey,Bergen County,936692,701,1362,148,33,22,0.371799284090754,1.14829338300144
New Hampshire,Rockingham County,309176,42,64,10,30,23,0.507087023939775,1.02211183247391
Massachusetts,Norfolk County,705388,129,328,31,36,24,0.279525329855613,0.981018392560604
New York,Dutchess County,293718,124,332,31,37,24,0.275705796732577,0.978962339634678
Massachusetts,Plymouth County,518132,64,131,16,34,24,0.364014242634546,0.975091203467292
New Jersey,Hudson County,676061,234,292,44,31,25,0.484345473833668,0.897607934807551
California,Santa Cruz County,274255,24,68,6,38,25,0.241789793706108,0.856597546101126
New Jersey,Somerset County,331164,102,158,28,31,26,0.460112847428486,0.816821424081132
Colorado,Weld County,314305,76,143,16,35,26,0.318476382767152,0.789238562943483
Ohio,Miami County,106222,19,39,6,34,26,0.355249663382027,0.785174285282988
New York,Saratoga County,230163,60,115,19,33,26,0.389333049334961,0.76303599999476
Virginia,James City County,76397,37,116,16,37,26,0.262432667819867,0.749983406830455
Connecticut,Fairfield County,943823,384,992,117,37,26,0.270299946484607,0.744557297180682
New Jersey,Morris County,494228,204,548,66,37,27,0.272259245411387,0.742891246397948
South Carolina,Kershaw County,65592,58,60,20,27,27,0.707978043918033,0.69519550452744
New Jersey,Ocean County,601651,180,699,78,40,27,0.194354711138473,0.693014333277316
Vermont,Windsor County,55286,15,43,7,36,28,0.294298825315125,0.650660069237229
New Jersey,Union County,558067,246,536,80,35,28,0.305356214395331,0.629933516811975
Washington,Kittitas County,47364,18,13,6,25,28,0.89864181899392,0.627344728953697
Arizona,Navajo County,110445,32,77,12,36,28,0.286238336590932,0.619920325334778
Washington,Whatcom County,225685,64,130,24,35,29,0.335932615900867,0.595407834415287
Kentucky,Harrison County,18778,15,20,6,30,29,0.550306241557667,0.594989511828581
Washington,Jefferson County,31729,8,15,6,29,29,0.565141672335437,0.578233755384473
Michigan,Clinton County,79332,5,23,2,42,29,0.155555459683174,0.570532398147066
Georgia,Dougherty County,91243,101,287,38,39,30,0.222509469904754,0.544028558534671
Mississippi,Pearl River County,55387,13,42,6,39,30,0.224980944397564,0.523903517858601
South Dakota,Beadle County,18883,13,15,6,29,30,0.575577991424452,0.515205792181778
Washington,King County,2233163,1277,2105,469,33,30,0.389530757880661,0.501228815556447
New Jersey,Monmouth County,621354,288,986,142,39,31,0.217904157813711,0.496523880952938
New Hampshire,Carroll County,48779,7,39,5,42,31,0.167263556132945,0.492763142274929
New Jersey,Passaic County,503310,216,570,90,38,31,0.247407812702039,0.487819632114003
Wyoming,Fremont County,39531,12,66,6,44,31,0.128232941096609,0.476031369020465
Colorado,Chaffee County,20027,3,19,2,44,31,0.137626749910873,0.473283886186997
Massachusetts,Essex County,790638,118,475,59,41,31,0.177470614748073,0.469772560158262
Massachusetts,Barnstable County,213413,40,268,34,43,31,0.140191265344846,0.458427172068423
California,Marin County,259666,53,296,34,43,31,0.146153427903825,0.457809645218207
Massachusetts,Berkshire County,126348,37,172,25,41,31,0.176962651694093,0.457146016098011
Oregon,Linn County,127335,20,57,11,37,32,0.252362273587557,0.439864471403311
New Mexico,Chaves County,64689,4,18,2,43,32,0.143166734260394,0.435943706659815
Michigan,Macomb County,874759,225,792,122,40,32,0.204039368051265,0.431813207689487
New Jersey,Sussex County,140799,18,103,10,44,32,0.134831910027898,0.423391836424837
Connecticut,Litchfield County,181111,22,74,15,38,32,0.24538577907707,0.420542856751609
Wisconsin,Fond du Lac County,103066,18,100,11,44,32,0.13240844360235,0.413197062165828
Alaska,Ketchikan Gateway Borough,13918,8,16,4,34,32,0.35184444211005,0.412746920287129
Washington,Skagit County,128206,48,175,31,39,32,0.205643195529494,0.412180452467438
California,San Luis Obispo County,284010,42,163,27,40,33,0.18811566869728,0.404387400615671
California,San Mateo County,769545,161,561,89,40,33,0.199374242186622,0.403941443830202
Montana,Gallatin County,111876,19,61,8,40,33,0.185833809406264,0.397668041660258
Louisiana,St. Bernard Parish,46721,19,32,8,34,33,0.357832179793419,0.383562352324272
New York,Tompkins County,102793,16,77,8,44,33,0.12639357281646,0.382390622579942
Georgia,Coweta County,145864,10,37,5,41,33,0.17983864150808,0.376828354087399
Georgia,Cherokee County,254149,30,85,15,38,34,0.235577047683463,0.370734598189579
Utah,Davis County,351713,31,67,12,38,34,0.241466689620235,0.365507167292124
Mississippi,Madison County,105630,14,25,7,34,34,0.361481746943218,0.362288121382577
Tennessee,Sumner County,187149,34,85,20,36,34,0.276789167636596,0.361365582929813
Maryland,Howard County,323196,30,165,16,45,34,0.120785475785765,0.357088395228464
Louisiana,St. Charles Parish,52879,15,31,8,35,34,0.322146171397307,0.353379866834162
Michigan,Wayne County,1753893,873,2654,530,39,34,0.22035710807159,0.349713962071311
Wisconsin,Washington County,135693,17,62,12,39,34,0.205535067575155,0.348000939790611
Louisiana,Avoyelles Parish,40462,3,30,2,51,34,0.0684740470805335,0.34411373045733
Minnesota,Dakota County,425423,21,109,12,44,34,0.128352753751554,0.34379905227813
Massachusetts,Middlesex County,1614714,304,1397,190,43,34,0.147302379622718,0.341594411170461
Ohio,Delaware County,204826,11,43,6,42,34,0.166955431134447,0.341043367866968
New Hampshire,Belknap County,61022,7,66,6,48,34,0.0883048208014426,0.339307658148765
California,Placer County,393149,26,146,20,44,34,0.131682768184757,0.337452444122441
Arkansas,Clark County,22061,6,17,4,39,35,0.225289876688057,0.335139794150928
Kansas,Morris County,5521,2,21,2,49,35,0.0784481729240119,0.334230715462719
Florida,Indian River County,157413,11,112,14,48,35,0.0917931183194272,0.333686202637062
Iowa,Kossuth County,14908,1,18,1,55,35,0.0440521128529953,0.332437477915815
New Jersey,Middlesex County,829685,277,1110,178,41,35,0.168384929939411,0.326021655947392
California,San Joaquin County,752660,60,170,34,39,35,0.211466513639317,0.311284505854227
Maine,York County,206229,16,120,14,46,35,0.105699211818397,0.310927528211532
South Carolina,Beaufort County,188715,22,162,24,45,36,0.113631929726439,0.30377913216106
Massachusetts,Hampshire County,161355,8,34,6,42,36,0.160164457502029,0.302749477663504
Louisiana,Jefferson Parish,434051,293,828,224,37,36,0.250456766318423,0.301354618280289
Tennessee,Robertson County,71012,12,37,8,39,36,0.221748077032615,0.300991558357136
Ohio,Medina County,179146,15,151,12,50,36,0.0734380431116074,0.298265974435094
New Jersey,Gloucester County,291408,19,243,14,53,36,0.0551714891659193,0.295258960753986
Michigan,Monroe County,150439,12,72,10,45,36,0.124459474873225,0.293809603142321
Vermont,Windham County,42756,5,48,5,48,36,0.0867383250635103,0.292386201505018
Pennsylvania,Monroe County,169507,45,232,36,43,36,0.144704331808373,0.29148840055284
South Dakota,Bon Homme County,6980,1,26,1,60,36,0.027976297336186,0.287419561922551
New York,Rensselaer County,159442,30,142,24,43,36,0.150837372732516,0.287339296221948
New Jersey,Essex County,799767,342,1266,237,41,36,0.173790832552265,0.278390467769029
Maryland,Prince George's County,909308,63,291,42,43,37,0.141212719044738,0.271739865325893
California,Santa Clara County,1937570,375,1318,266,41,37,0.182093404598143,0.270146000914145
Nevada,Clark County,2231647,249,772,180,39,37,0.2119852314902,0.269974671541193
Tennessee,Carroll County,28020,3,10,3,39,37,0.223257222972558,0.266987026409465
Illinois,Lake County,700832,111,491,83,43,37,0.150346978152346,0.266034311580039
Georgia,Carroll County,118121,26,117,18,43,37,0.13816075011321,0.26440483715497
Wisconsin,St. Croix County,89694,4,45,3,52,37,0.060136208268399,0.260253635601329
Michigan,Oakland County,1259201,428,1866,381,42,37,0.164616668520896,0.257334843416911
Indiana,Johnson County,156225,18,55,14,39,37,0.212531852187828,0.254735075875244
Colorado,Garfield County,59770,10,32,7,40,37,0.200753831215037,0.25144578882796
South Carolina,Clarendon County,33700,5,36,6,46,38,0.112236452365503,0.246660000457118
Florida,Collier County,378488,41,708,70,53,38,0.0520309641169374,0.244769853429387
North Carolina,Cherokee County,28383,4,15,6,38,38,0.245712280653252,0.242123743102026
Wisconsin,Columbia County,57358,5,16,5,38,38,0.232988878215501,0.24157827673096
Florida,St. Johns County,254261,22,130,24,44,38,0.130298559392982,0.238844269010165
California,Siskiyou County,43724,3,25,4,47,38,0.101354127041991,0.237859938296238
North Carolina,Chatham County,73139,3,21,4,45,38,0.118404918328949,0.235567173128874
New York,Albany County,307117,146,889,143,46,38,0.112745429440144,0.235559853138284
Maine,Cumberland County,293557,74,527,78,46,38,0.10484585326703,0.235388687098353
Massachusetts,Franklin County,70963,5,44,6,47,38,0.0938544663346053,0.234553186038314
Washington,Kitsap County,269805,20,119,20,45,38,0.119845940829259,0.230747608252319
New Mexico,Santa Fe County,150056,14,143,18,49,38,0.0821748075852138,0.230571395095183
Mississippi,Coahoma County,22628,11,140,10,54,38,0.0505609364445287,0.22971276593627
Wisconsin,Jefferson County,85129,4,33,4,48,38,0.0876874373170218,0.228538812384649
Delaware,Sussex County,229286,23,179,34,45,38,0.113961781094447,0.228044743300497
Iowa,Muscatine County,42929,5,29,5,45,39,0.117740395104897,0.22435527106235
Maryland,Garrett County,29163,3,30,4,49,39,0.0815746570966228,0.220559501928317
Florida,Monroe County,75027,3,21,4,45,39,0.122470344015294,0.219986498382049
Florida,Walton County,71375,10,91,12,48,39,0.0871854365807969,0.219521839777027
Michigan,Ottawa County,290494,15,92,14,46,39,0.103296165089753,0.218227028688327
Colorado,Summit County,31007,10,18,8,33,39,0.388422408004519,0.216545500221191
California,Yolo County,220408,10,51,8,46,39,0.111628142700289,0.215743331103813
Washington,Yakima County,251446,44,126,38,39,39,0.205992082552047,0.215603705020142
California,Mono County,14250,2,13,2,46,39,0.112418346660821,0.20936772175379
New York,Madison County,70795,5,48,6,49,39,0.0773194218201117,0.206420813003064
Georgia,Fayette County,113459,12,163,14,53,39,0.0550266693041508,0.206254495167726
Virginia,Prince William County,468011,23,131,16,46,40,0.102548600352589,0.204219944070556
California,Imperial County,181827,9,48,8,46,40,0.108048627398781,0.203648599551942
Pennsylvania,Adams County,102811,6,56,8,49,40,0.082655790196403,0.203536369634149
Colorado,El Paso County,713856,106,535,91,45,40,0.12036423583196,0.202724322583773
Colorado,Routt County,25733,4,20,4,43,40,0.14619879269073,0.200842102039875
Massachusetts,Dukes County,17352,2,17,3,47,40,0.101009200821381,0.200014294643
Pennsylvania,Montgomery County,828604,144,982,179,46,40,0.105753880137442,0.198967133550957
Vermont,Chittenden County,164572,40,273,42,47,40,0.0964246190441814,0.197242553622125
New York,Schenectady County,155350,46,281,56,45,40,0.115160141305226,0.196113570169599
North Carolina,Rowan County,141262,5,162,6,62,40,0.0221085584132048,0.196031834452764
New Jersey,Warren County,105779,15,152,20,50,40,0.0752561576408917,0.190306185746297
Pennsylvania,Bucks County,628195,65,585,88,48,40,0.0846009254041404,0.190041254853521
Maryland,Harford County,253956,5,53,6,51,41,0.0671552307136828,0.183798946028767
Florida,Manatee County,394855,16,176,31,49,41,0.0778991535718137,0.18295075465452
Georgia,Pickens County,31980,4,39,6,49,41,0.0824774450040555,0.181630888687162
Nevada,Douglas County,48467,2,15,4,45,41,0.123600642969266,0.178370252515141
Tennessee,Davidson County,692587,183,640,178,41,41,0.173756411043124,0.1751290111321
Texas,Deaf Smith County,18760,2,26,2,55,41,0.0433168949488514,0.175074609498529
Minnesota,Carver County,103551,8,51,8,47,41,0.100121009933026,0.174440624360536
Alabama,Shelby County,215707,27,138,32,44,41,0.13340221244627,0.17316000410696
Illinois,Cook County,5180493,1194,7059,1419,46,41,0.11048409141709,0.171251988367184
Florida,Citrus County,147929,9,171,24,53,41,0.0524541545266447,0.169703715649756
New York,Wayne County,90064,6,55,9,49,41,0.0831612914949957,0.169030302922693
Virginia,Rockbridge County,22752,1,13,2,51,41,0.0658670495922133,0.168880075815539
South Carolina,Darlington County,66802,8,83,12,50,42,0.0710477127365798,0.165273612794421
New York,Steuben County,95796,5,75,8,54,42,0.0503538102063103,0.164482648013336
Texas,Brazoria County,370200,18,126,18,48,42,0.0866255019246736,0.164081992313096
Arizona,Pinal County,447138,22,125,34,44,42,0.127637670378962,0.164067410740871
Texas,McLennan County,254607,20,110,24,46,42,0.109856050461334,0.164047577535962
New York,Chenango County,47536,3,41,5,52,42,0.0572542403168358,0.163986357426707
Tennessee,Gibson County,49045,2,17,3,49,42,0.0827556722034659,0.163689401837773
Louisiana,Lafourche Parish,98115,16,133,21,49,42,0.0815322788923542,0.16291933724833
Missouri,Perry County,19150,2,18,3,49,42,0.0797442279937885,0.162862018454017
Florida,Broward County,1951260,311,1995,443,46,42,0.109927733993106,0.161873144004662
Montana,Roosevelt County,11059,1,40,1,67,42,0.0138936194264493,0.161567726257193
Georgia,Gordon County,57685,8,36,10,43,42,0.148227905074645,0.160110928906804
Delaware,New Castle County,559335,71,691,95,50,42,0.0702141673521181,0.160071290985336
Virginia,Arlington County,237521,36,187,34,46,42,0.113130958832052,0.158912142955932
Colorado,Jefferson County,580233,73,295,102,41,42,0.177300842938406,0.158218231954102
California,Ventura County,850967,39,143,53,41,42,0.18404979042939,0.158096625562254
Mississippi,Rankin County,153902,13,261,17,58,42,0.0333004448714078,0.157612353057232
California,San Benito County,61537,7,33,8,44,42,0.132183240490568,0.157021683771879
Maryland,Calvert County,92003,3,55,4,56,42,0.0384757804023323,0.156384198760961
California,Sonoma County,499942,34,378,56,51,42,0.0680517219237032,0.155694002879658
Oregon,Washington County,597695,76,518,90,47,42,0.0933443342961462,0.155246273597139
New Jersey,Burlington County,445384,42,504,64,52,42,0.0603694433425592,0.15468345864234
Pennsylvania,Wayne County,51276,4,54,8,51,42,0.0632191489541307,0.154399535598933
Missouri,Cass County,104954,6,64,9,51,42,0.0655691154398031,0.154127802239288
California,San Francisco County,883305,152,771,215,44,42,0.135159573145334,0.153829383616973
North Carolina,Harnett County,134214,9,83,10,51,42,0.0650931740796212,0.152472633128391
Colorado,Douglas County,342776,53,312,58,46,43,0.108834364662722,0.151359594666427
Colorado,Larimer County,350518,43,266,59,46,43,0.106247263654858,0.150382564610144
Virginia,Stafford County,149960,6,57,6,51,43,0.0631850035771172,0.150205167297487
Alabama,Lee County,163941,26,226,28,51,43,0.0667857676310371,0.149765471908396
Arkansas,Jefferson County,68114,22,139,34,46,43,0.110739222053429,0.149386212656531
Tennessee,Tipton County,61581,6,22,8,41,43,0.182851397128467,0.147513927868899
New York,Monroe County,742474,96,1094,154,52,43,0.0616700090384346,0.147156494036702
Alaska,Kenai Peninsula Borough,58533,4,30,6,47,43,0.0984109096563595,0.146712758272718
Alabama,St. Clair County,88690,4,34,6,49,43,0.0833635845000691,0.146485181631454
Colorado,Boulder County,326078,49,292,65,46,43,0.108952951781458,0.145155810983622
Connecticut,Hartford County,892697,88,996,145,51,43,0.0625878564692733,0.14513198413783
New Mexico,Sandoval County,145179,7,48,11,46,43,0.104323229787459,0.144492432955306
New York,Niagara County,210433,11,150,20,53,43,0.0556683711381614,0.143802737963102
Washington,Whitman County,49791,2,33,2,59,43,0.0297030280673277,0.14377572953538
Colorado,Denver County,716492,176,918,201,45,43,0.113430923388811,0.141911870118825
California,Alameda County,1666753,124,898,170,48,43,0.0902849962453493,0.140372648649876
Pennsylvania,Delaware County,564751,84,791,138,50,43,0.0733160982017265,0.139942059937414
Kansas,Leavenworth County,81352,7,28,10,42,43,0.165385464495166,0.138128217188763
Michigan,Otsego County,24665,5,29,10,44,44,0.134421088851214,0.137877519067196
Georgia,Cobb County,756865,90,680,111,49,44,0.0835250250774252,0.137162686521399
Massachusetts,Bristol County,564022,31,483,54,55,44,0.0459211888442668,0.13446337409545
New Jersey,Mercer County,369811,58,427,92,48,44,0.0912654679142817,0.13417853785654
Mississippi,Oktibbeha County,49599,5,75,6,58,44,0.034219995884155,0.132612184158181
Tennessee,Loudon County,53054,2,25,5,51,44,0.0685454366814657,0.131948262089907
California,Contra Costa County,1150215,86,698,142,48,44,0.0850270997493496,0.130967054047788
Florida,Sarasota County,426718,26,584,94,55,44,0.0438196333368104,0.130785771415721
Indiana,Hamilton County,330086,25,231,33,51,44,0.0674546291312484,0.13026758820569
Oklahoma,Kay County,44161,5,46,10,50,44,0.0759726048260658,0.129465598189286
West Virginia,Jefferson County,56811,3,16,5,44,44,0.134653256902526,0.128494154217795
Oregon,Grant County,7176,1,11,3,49,44,0.0825625900099702,0.12808884000002
South Dakota,Charles Mix County,9338,1,35,2,64,44,0.0189790867941036,0.127979755997273
Iowa,Henry County,20067,1,13,2,53,44,0.0551504218838715,0.127256335007425
Kentucky,Bourbon County,20184,2,17,4,48,44,0.0858733510878172,0.126868364833586
Florida,Okaloosa County,207269,14,139,24,51,44,0.0679747692602947,0.126504256236478
North Carolina,Carteret County,69524,4,80,10,55,44,0.0434048977502376,0.126401476759334
Florida,Miami-Dade County,2761581,338,3075,608,49,44,0.0762188359251678,0.126191401503508
Oregon,Yamhill County,107002,6,58,11,50,45,0.0712102990212604,0.12476030859824
Texas,Fannin County,35286,1,23,2,58,45,0.0315711750132753,0.123486209197151
Mississippi,Leflore County,28919,10,125,16,54,45,0.0489071423102381,0.123395361307541
Colorado,Logan County,21528,2,18,4,49,45,0.0777420472049808,0.122619788467523
Oregon,Marion County,346868,32,190,55,46,45,0.109641048927052,0.121784211145724
Indiana,Gibson County,33452,2,20,4,50,45,0.07102302624993,0.120322078497523
North Carolina,Iredell County,178435,9,116,16,53,45,0.0544954520998582,0.120077159978308
District of Columbia,District of Columbia,702455,183,1183,259,48,45,0.0913013540389881,0.120063730623385
South Carolina,Jasper County,28971,2,21,4,50,45,0.0720020038894463,0.119929205738159
Indiana,Howard County,82366,6,23,13,40,45,0.191510482556091,0.119735016356913
Georgia,Douglas County,145331,12,86,16,48,45,0.0861243647441084,0.119605606284955
Arizona,Santa Cruz County,46511,1,16,2,55,45,0.042360746222191,0.11795517161992
Georgia,Gwinnett County,927781,46,322,56,48,45,0.0842874022205028,0.117856814576571
North Carolina,Guilford County,533670,16,128,28,49,45,0.0823996752820634,0.11785292398226
Connecticut,New Haven County,857620,89,1203,183,53,45,0.0526761416290524,0.116888123797686
Vermont,Orleans County,26907,2,14,5,45,45,0.116198318815638,0.116434817563179
Ohio,Mahoning County,229642,28,268,68,49,45,0.0800801596335172,0.116433246655108
Arkansas,Faulkner County,124806,17,184,25,53,45,0.0546569498539809,0.1156324076699
California,Calaveras County,45602,2,25,6,50,45,0.0731147884136659,0.115322804716051
Mississippi,Lincoln County,34205,4,50,8,53,45,0.056048145155534,0.114798268760504
Wyoming,Laramie County,98976,8,120,15,55,45,0.0446761435950605,0.114225658174768
Louisiana,St. Mary Parish,49774,2,18,4,49,45,0.0779079960435981,0.114156894234832
Washington,Pierce County,891299,138,642,229,44,45,0.137799696274951,0.113823025609662
Colorado,Montrose County,42214,3,27,8,48,45,0.0887629507680877,0.113670900852863
New Mexico,Doï¿½a Ana County,217522,13,91,24,48,45,0.0884849582130163,0.113505953867747
Texas,Matagorda County,36552,3,47,6,55,45,0.0437055486529421,0.113491915151009
Wisconsin,Sheboygan County,115456,6,68,13,51,45,0.0644444781839853,0.113231679899046
Ohio,Geauga County,94031,5,95,12,56,46,0.0406225831933006,0.113183458247872
Georgia,Paulding County,164044,6,100,8,57,46,0.0362212773279463,0.112032217752833
Ohio,Coshocton County,36629,3,37,7,52,46,0.0596152080121124,0.111977984452236
Ohio,Belmont County,67505,2,20,5,49,46,0.078086566283869,0.111931343576018
Wisconsin,Milwaukee County,948201,219,1399,374,47,46,0.0971919111611486,0.111717125492789
California,Madera County,157672,6,73,10,54,46,0.0500552305697465,0.111571853611075
Iowa,Sioux County,34909,1,64,2,70,46,0.00959079274649094,0.111361551206728
Vermont,Rutland County,58672,5,79,13,53,46,0.0517443299189336,0.110607369488983
Oklahoma,Cleveland County,281669,22,139,36,47,46,0.0967178047264939,0.110273641021225
Colorado,Arapahoe County,651215,69,409,112,46,46,0.107090941641045,0.109976803331415
Colorado,Morgan County,28558,3,36,6,53,46,0.0535980665797236,0.109451087830233
Georgia,DeKalb County,756558,107,739,168,48,46,0.0900635800384812,0.108753222745938
Virginia,Loudoun County,406850,18,43,23,38,46,0.240785036815904,0.10861241159654
Mississippi,Hancock County,47334,5,80,12,54,46,0.0485328983464242,0.10819653474998
Michigan,Livingston County,191224,13,34,28,36,46,0.288028754648779,0.10734995246801
Wisconsin,Waukesha County,403072,31,300,74,49,46,0.0778025329492719,0.107023717366342
Louisiana,St. Tammany Parish,258111,52,412,109,48,46,0.0896989287659329,0.106842472637716
Florida,Santa Rosa County,179349,4,133,8,62,46,0.0211310079588925,0.10639847477089
Florida,Palm Beach County,1485941,101,1962,311,56,46,0.040444629508581,0.10638422126474
Kentucky,Montgomery County,28203,2,30,4,55,46,0.0456146887885569,0.105584720485163
Alabama,Baldwin County,218022,4,95,10,58,46,0.0322565528320879,0.105379207248159
California,Santa Barbara County,446527,24,171,48,48,46,0.0869836392251097,0.105372056826972
Georgia,Newton County,109541,6,71,10,53,46,0.0529038144847286,0.105344879506813
Ohio,Richland County,121099,4,115,10,61,46,0.02547608138154,0.10530316385793
Alabama,Walker County,63711,5,80,12,54,46,0.0464808205471645,0.105038908470966
Oregon,Deschutes County,191996,10,160,24,54,46,0.0476327448237838,0.104827109429381
California,Monterey County,435594,24,355,43,56,46,0.041101485109288,0.104615303604547
Georgia,Floyd County,97927,12,172,26,54,46,0.0472747124551206,0.103741005026905
South Carolina,Sumter County,106512,8,93,17,52,46,0.0573671237033588,0.10368585075917
Kentucky,Daviess County,101104,15,199,34,53,47,0.0518071711260666,0.102268743913981
Pennsylvania,Chester County,522046,40,566,88,54,47,0.0496817993702707,0.102217461959709
Texas,Lavaca County,20110,1,45,3,65,47,0.0169964289506256,0.102156968166259
Wisconsin,Ozaukee County,89147,16,148,42,49,47,0.0825634793350375,0.102053912060668
Mississippi,Bolivar County,31333,4,43,8,52,47,0.0607327416437872,0.101986846713183
Massachusetts,Suffolk County,807252,234,2337,389,52,47,0.0588002521085265,0.101724049003029
Louisiana,Terrebonne Parish,111021,14,178,27,53,47,0.0513789523429102,0.101651910422687
Georgia,Troup County,70034,6,77,12,54,47,0.0508818658859528,0.101491592441072
Wyoming,Teton County,23081,3,30,6,50,47,0.0705807254910683,0.101070143508984
Kansas,Douglas County,121436,6,58,10,52,47,0.0581643772674891,0.100118971873775
Maryland,Montgomery County,1052567,107,744,234,47,47,0.0980479371938464,0.0991548814602073
Wisconsin,Sauk County,64249,4,72,10,56,47,0.0405493364805287,0.0990193036154952
New Hampshire,Grafton County,89786,21,247,58,51,47,0.0656665313051035,0.098818740041259
Pennsylvania,Schuylkill County,142067,5,125,14,59,47,0.0309648242069945,0.0987056179712229
Washington,Thurston County,286419,14,194,32,54,47,0.0506056157924183,0.0980124867744319
Massachusetts,Worcester County,830839,73,854,163,52,47,0.0597389529972928,0.0979295253903702
Arkansas,Polk County,20049,2,25,6,51,47,0.0626542100197958,0.097485632611991
Maryland,Anne Arundel County,576031,24,458,50,57,47,0.0354097932575641,0.0969981421499901
Maryland,Carroll County,168429,5,87,12,56,47,0.0419984679562387,0.0968694933057939
Maryland,Baltimore County,828431,42,674,104,55,47,0.0436967156253365,0.0961690560781554
Ohio,Butler County,382378,18,243,38,54,47,0.0483132293578266,0.0956277197142735
Washington,Mason County,65507,2,13,6,44,47,0.125493416560499,0.0956138737215122
New York,Montgomery County,49455,3,70,8,59,47,0.0310037994971401,0.0953702991780538
Ohio,Trumbull County,198627,4,77,12,56,47,0.0405742446037256,0.0951875101258606
Alaska,Fairbanks North Star Borough,98971,9,57,13,48,47,0.0879452155081581,0.0951681708823904
North Carolina,Union County,235908,13,96,24,48,47,0.0862808267714708,0.0944564603288094
Tennessee,Cumberland County,59673,3,61,12,55,47,0.0449654911722261,0.0943539061876202
Iowa,Poweshiek County,18699,2,32,6,55,47,0.045300900890436,0.0940039804162883
California,San Diego County,3343364,242,2524,505,52,47,0.0610198409570852,0.0934032569981247
South Carolina,Orangeburg County,86934,8,139,22,55,47,0.0421898919222395,0.0931736197560178
California,Tulare County,465861,17,336,29,60,47,0.0277319112486812,0.093062963964819
Indiana,Tipton County,15128,2,19,6,49,47,0.0818666713035217,0.092899771820488
Wisconsin,Dane County,542364,72,578,144,49,48,0.0779911101139326,0.0927119064141171
Pennsylvania,Northampton County,304807,33,556,93,55,48,0.0437643299576854,0.0926423622199233
Alabama,Tallapoosa County,40497,2,25,6,51,48,0.0632881840989228,0.0925837932277591
Connecticut,Middlesex County,162682,8,157,24,56,48,0.0405111889847263,0.0923349517937693
South Carolina,Lancaster County,95380,7,98,20,53,48,0.0540618467042019,0.091915784832111
Arkansas,Hempstead County,21741,3,59,8,57,48,0.035640138831765,0.0916934028600319
Illinois,Christian County,32661,1,43,3,64,48,0.0175927266867223,0.091540003502887
New York,Livingston County,63227,3,30,8,50,48,0.0727508944100518,0.0914498618969128
Montana,Lewis and Clark County,68700,3,71,8,58,48,0.0314554624478666,0.0913068516935395
North Dakota,Ramsey County,11481,1,18,3,56,48,0.0405519978995982,0.0910363301427757
Illinois,McHenry County,308570,14,205,31,54,48,0.0474423731614632,0.0910063402893623
New York,Erie County,919719,107,1485,291,53,48,0.0519202944585832,0.0908397740124377
Illinois,DuPage County,928589,103,1293,245,53,48,0.0550121487565703,0.0900016982151801
Tennessee,Campbell County,39583,2,148,6,70,48,0.0104339998404662,0.0899878098927188
Washington,Lewis County,79604,2,73,6,63,48,0.021027423439418,0.0898289795004824
Hawaii,Maui County,167207,9,166,24,56,48,0.0398675228229767,0.0897661148315923
Ohio,Lorain County,309461,30,362,83,52,48,0.0604680408111745,0.0888688554332208
Oklahoma,Canadian County,144447,4,41,8,52,48,0.0604492490237936,0.0888147462462517
Maryland,Charles County,161503,5,81,10,56,48,0.0403925214469768,0.0886606277013028
Indiana,Hendricks County,167009,13,158,28,53,48,0.0534811259834835,0.0880541521642296
Iowa,Jasper County,37147,1,17,3,55,48,0.0429810554956737,0.0878185835618885
Kentucky,Warren County,131264,15,273,30,58,48,0.0324122699631528,0.0876217823005823
Tennessee,Greene County,69087,5,50,16,49,48,0.0793044479357961,0.0873047470981286
Ohio,Greene County,167995,3,41,8,54,48,0.0507356405970751,0.0867811184337724
Hawaii,Honolulu County,980080,58,928,163,55,48,0.0425409098705686,0.086475052867149
Virginia,Gloucester County,37349,2,24,6,51,48,0.0652643520418085,0.0857742218714175
Mississippi,Monroe County,35564,3,80,9,60,48,0.0274188545860317,0.0854215244001967
Washington,Benton County,201877,12,198,28,56,48,0.0387653174328453,0.0854085959066581
Mississippi,Harrison County,206650,24,452,57,57,48,0.0348788930780866,0.0844113903339594
Pennsylvania,Lackawanna County,210793,15,414,48,60,48,0.0269757022309665,0.0843694324547297
Florida,Flagler County,112067,4,81,18,55,48,0.0455677789908322,0.0843632471657995
New York,Allegany County,46430,2,18,6,49,49,0.0798199192297491,0.0837938888141275
Virginia,Virginia Beach City,450189,17,292,40,57,49,0.0376812676134875,0.0830882457346507
Louisiana,Evangeline Parish,33443,2,12,5,46,49,0.108844718537321,0.082889765750003
Arkansas,Hot Spring County,33701,2,42,6,57,49,0.0352937971547793,0.0826314309766436
Alabama,Limestone County,96174,4,47,10,52,49,0.0589612662061691,0.0825325746344112
Florida,Lee County,754610,32,1054,141,60,49,0.0262857280124045,0.0822931605549372
Iowa,Dubuque County,96854,6,166,18,61,49,0.0251613256684621,0.0821133495148481
South Dakota,Brookings County,35232,1,39,2,67,49,0.0135258018497826,0.0819535796488378
Kentucky,Logan County,26989,2,24,6,52,49,0.0604037718104943,0.0819303536183636
Louisiana,Caddo Parish,242922,40,515,113,53,49,0.0532172791983539,0.0813293184857366
Wisconsin,Chippewa County,64135,2,67,6,62,49,0.0219017830387937,0.0805788817815065
Utah,Salt Lake County,1152633,127,827,239,48,49,0.0855474390115825,0.0801362191487669
South Carolina,Anderson County,200482,16,215,48,53,49,0.0532257785711932,0.0795456185019517
Arkansas,Columbia County,23537,2,24,6,53,49,0.0547859642866898,0.0790809181919449
Pennsylvania,Potter County,16622,1,16,4,53,49,0.0515488717238642,0.0786676747653905
Washington,Clallam County,76737,4,64,19,53,49,0.0562279926537643,0.0772227285004118
New York,Onondaga County,461809,60,1006,183,56,49,0.0417976444514973,0.0770569061656133
Washington,Chelan County,77036,6,150,20,59,50,0.0288639476169678,0.0753489632960246
Virginia,Franklin County,56195,1,14,4,52,50,0.0596876332872314,0.0749086096208594
Oregon,Clackamas County,416075,17,308,54,56,50,0.0403676994552291,0.074677832855745
North Carolina,Mecklenburg County,1093901,104,755,224,49,50,0.0821960001772062,0.0735199917386315
Indiana,Marion County,954670,161,1850,388,53,50,0.052911457798213,0.0732648926906339
South Carolina,Lexington County,295032,19,310,55,55,50,0.0423181560014257,0.073075919949619
Washington,Stevens County,45260,1,33,4,61,50,0.0251459688824536,0.0729959680559906
Minnesota,Renville County,14612,1,10,4,50,50,0.0757603630927383,0.0729040839975246
Georgia,Spalding County,66100,5,103,16,58,50,0.0340229605888292,0.0728859704780713
California,Solano County,446610,24,314,70,53,50,0.0522858813923199,0.0726609564388247
California,Sacramento County,1540975,88,1090,236,53,50,0.0517672409524693,0.0725258446321278
Mississippi,Lowndes County,58930,6,112,18,57,50,0.0357215622039006,0.0721014809430859
Maine,Waldo County,39694,1,17,4,54,50,0.0487191963299453,0.071446942996453
California,Orange County,3185968,152,2403,441,55,50,0.0421364141900224,0.0713249160074882
Ohio,Defiance County,38165,2,8,7,41,50,0.179631065930063,0.0711908764782953
Maryland,Cecil County,102826,3,68,9,58,50,0.0313829176809053,0.0711673061149772
Mississippi,Panola County,34178,2,71,6,64,50,0.0190019085836953,0.0710556285707341
Minnesota,Chisago County,55922,2,22,6,51,50,0.0643010152216905,0.0706577966607572
Virginia,Culpeper County,51859,2,50,6,60,50,0.0274583926957397,0.0702941995220608
Alabama,Marion County,29763,1,32,4,61,50,0.0241024582072307,0.0702175059789108
Indiana,Boone County,66999,3,26,8,50,50,0.0742949073080435,0.070214524875385
North Carolina,Hoke County,54764,2,25,4,55,50,0.045040714516774,0.0698600818659007
Colorado,Fremont County,48021,1,17,4,54,50,0.0470198336914636,0.0698068201826858
Oregon,Benton County,92101,4,122,12,63,50,0.0208209570627978,0.0697782933438382
Louisiana,Beauregard Parish,37253,2,35,6,57,50,0.0380230560592048,0.0696464933740176
California,Los Angeles County,10105518,662,8967,1828,54,50,0.0472144487821458,0.069616345511832
Montana,Silver Bow County,34993,3,50,11,55,50,0.0435966720708349,0.0690490219467548
Arkansas,Garland County,99154,11,319,49,60,51,0.0276626874648891,0.0688473218235583
Texas,Denton County,859064,51,627,107,54,51,0.0482036131324005,0.0688469867931823
Ohio,Logan County,45358,2,27,7,53,51,0.054366768733886,0.0686522096885424
Georgia,Fulton County,1050114,191,2114,457,53,51,0.0550643756291627,0.0685867555949238
New York,Ontario County,109864,7,204,27,60,51,0.0262679264442922,0.0685714154266869
Missouri,St. Louis County,996945,100,2056,362,57,51,0.0347903920178268,0.0684580454236221
Pennsylvania,Westmoreland County,350611,11,287,49,58,51,0.0314663032230662,0.0682975761304691
Texas,Ellis County,179436,7,140,18,59,51,0.0312073101971479,0.0681341559054175
Arizona,Coconino County,142854,18,171,44,52,51,0.0614082525886724,0.0679093663499044
Wisconsin,Walworth County,103718,4,41,14,50,51,0.0700382697771249,0.0676400866890674
Texas,DeWitt County,20187,1,15,4,54,51,0.0491422182285657,0.067569338088343
South Carolina,Georgetown County,62249,2,98,10,64,51,0.0181265813844231,0.0673098047739597
Oklahoma,Washington County,51843,2,59,8,61,51,0.0241850499987989,0.0669628525505865
North Dakota,Burleigh County,95273,18,220,60,53,51,0.0542411342718545,0.0668496746776818
Minnesota,Washington County,259201,10,83,31,49,51,0.0823317947710863,0.0666387079872981
New York,Clinton County,80695,8,134,28,55,51,0.0427254951610754,0.0665905757175835
South Dakota,Davison County,19790,2,32,8,55,51,0.0435923286779309,0.0663199152641778
Oregon,Union County,26461,1,17,4,55,51,0.0420840801745112,0.0660330442279667
South Carolina,York County,274118,11,187,32,56,51,0.0390613829891079,0.0659217626261345
Virginia,Mecklenburg County,30650,2,56,10,59,51,0.0305753758343441,0.0658891863982679
Michigan,Jackson County,158823,6,215,22,63,51,0.0201920617975381,0.0653648170700676
Missouri,Lafayette County,32598,1,21,4,57,51,0.0348059110732583,0.0652482006565799
Michigan,Hillsdale County,45749,1,32,4,61,51,0.0235381746524574,0.0649032039600712
Delaware,Kent County,178550,10,192,35,57,51,0.0356772269919867,0.0645766573237005
Montana,Ravalli County,43172,1,18,5,54,51,0.0481014283272667,0.0644363458264991
Utah,Tooele County,69907,2,24,4,55,51,0.0429916108527394,0.0644288618816835
Indiana,Bartholomew County,82753,5,145,17,62,51,0.0231465905908158,0.0642432022130792
Minnesota,Blue Earth County,67427,5,105,15,60,51,0.0278773728865151,0.0641400087419866
West Virginia,Marshall County,30785,2,5,9,35,51,0.323218472950597,0.064025166953505
Ohio,Marion County,65256,4,80,15,57,51,0.0361072845296257,0.063909356165193
New Jersey,Cape May County,92560,3,149,16,64,51,0.0175275307999973,0.063879299976325
Arizona,Graham County,38072,2,36,6,58,51,0.0329194146201271,0.0632961105754562
Tennessee,Sevier County,97892,2,42,8,57,51,0.0365855768347099,0.0632239148935525
Mississippi,Adams County,31192,2,88,8,65,51,0.0169753392088054,0.0631703191421922
Washington,Spokane County,514631,33,699,113,58,51,0.0319334998954412,0.0628444417155849
Texas,Galveston County,337890,18,281,57,55,52,0.0425096412698275,0.0618063720303629
Virginia,Accomack County,32412,1,11,5,50,52,0.0748587385311567,0.0612279839302646
Michigan,Barry County,61157,1,28,4,60,52,0.0267591597876259,0.0612209311227667
Ohio,Tuscarawas County,92176,3,111,13,63,52,0.0198788797756858,0.0610627291381254
Massachusetts,Hampden County,470406,24,808,91,63,52,0.0205887170059757,0.0609900604305921
Alabama,Cullman County,83442,3,113,12,63,52,0.0192529636292107,0.0607240756657244
New Jersey,Camden County,507078,51,1179,183,59,52,0.0295542895955122,0.0606429884576878
Ohio,Lake County,230514,11,232,49,57,52,0.0365106942762456,0.0604693894850252
Wisconsin,Kenosha County,169290,13,145,43,52,52,0.0600922444564301,0.0603912927584191
Wyoming,Natrona County,79115,4,208,14,67,52,0.0128272323142414,0.0602319296581895
Indiana,Sullivan County,20690,1,18,4,56,52,0.0403694418604617,0.0599468477672568
Illinois,LaSalle County,109430,3,107,13,63,52,0.0207694593602521,0.0598996197511297
Oregon,Umatilla County,77516,2,33,7,56,52,0.0392503733485053,0.0598021820041524
Wyoming,Park County,29324,1,36,5,62,52,0.0222324298488933,0.0592694798045469
Florida,Putnam County,74163,2,82,10,63,52,0.0195154794512421,0.0591247719566237
Missouri,Cole County,76796,5,105,19,58,52,0.0329384872147192,0.0586981708394378
Indiana,Dearborn County,49568,2,43,8,58,52,0.034309540100247,0.058577495379461
Indiana,Miami County,35567,1,15,4,54,52,0.0478401677755853,0.0585436843666849
Pennsylvania,Luzerne County,317646,21,510,97,59,52,0.0308447946761375,0.0585161194224368
Florida,DeSoto County,37489,1,40,5,64,52,0.018669307140098,0.058243037688827
Florida,Clay County,216072,10,335,36,63,52,0.0208211696654011,0.0580053190180536
Illinois,Will County,692310,28,575,88,58,52,0.0314404503117809,0.0579266133571629
Ohio,Cuyahoga County,1243857,167,2887,720,56,52,0.0415768799500183,0.0578730000687051
Michigan,Genesee County,406892,34,672,140,57,52,0.0361527633496381,0.0578495843339944
Connecticut,Windham County,117027,2,22,8,51,52,0.0657891300776454,0.0572667124696531
Nebraska,Madison County,35392,1,75,4,71,52,0.00879401187313774,0.0569482008601215
Michigan,Ingham County,292735,15,263,48,58,52,0.0342146365391676,0.0566591701883949
Mississippi,Pike County,39563,7,112,28,56,52,0.0418651462350874,0.0566139468115782
Georgia,Barrow County,80809,2,24,6,53,53,0.0514506591482397,0.0565465975240409
Michigan,Newaygo County,48892,2,9,9,42,53,0.168008368378917,0.0564333970195648
New Mexico,Bernalillo County,678701,43,871,167,58,53,0.0337179681522935,0.0562713946591023
Illinois,Kane County,534216,24,541,81,59,53,0.0286304177112703,0.0556353227896783
Vermont,Washington County,58140,3,47,14,54,53,0.0491081370328782,0.0555966592913968
South Carolina,Dillon County,30599,1,18,4,57,53,0.0380660356973086,0.0555449283959194
New York,Oswego County,117898,2,55,8,60,53,0.0259035529784132,0.0554513305655988
Ohio,Portage County,162927,4,103,16,60,53,0.0268668313860766,0.0553925730483849
Georgia,Forsyth County,236612,8,256,24,63,53,0.0195427778144179,0.0551994178350276
Minnesota,Hennepin County,1259428,103,1460,365,55,53,0.0456504352135606,0.0551401368373247
California,Mendocino County,87606,2,52,10,59,53,0.0300173662343777,0.0549297449852212
Mississippi,DeSoto County,182001,29,222,93,49,53,0.0819971129616873,0.0548526219869892
Colorado,Delta County,30953,1,37,6,62,53,0.0229647148083814,0.0548064682573371
Kansas,Johnson County,597555,36,428,131,53,53,0.0549817592731478,0.0547379404102401
New Mexico,Cibola County,26746,1,14,4,54,53,0.0479214923339563,0.0546605396210965
Ohio,Summit County,541918,36,608,161,55,53,0.0429613609581426,0.0546245174061177
Virginia,Fairfax County,1150795,46,740,158,56,53,0.0407404085185659,0.0544298471763459
Louisiana,Natchitoches Parish,38659,2,77,8,65,53,0.0164327857913353,0.054400956748105
Mississippi,Forrest County,75036,14,323,48,60,53,0.0259885633935721,0.0542540662591097
Georgia,Glynn County,85219,5,196,24,63,53,0.0191595334427331,0.0542043454860831
Indiana,Adams County,35636,1,21,4,59,53,0.0291816737468754,0.0541631880702834
Maine,Knox County,39771,1,53,6,65,53,0.0162020413299235,0.0540968572580358
Oregon,Hood River County,23428,1,15,4,55,53,0.0452667974662843,0.0538063050934059
Indiana,Noble County,47532,1,22,4,58,53,0.0312556455983042,0.053681896020954
Pennsylvania,Berks County,420152,16,591,71,64,53,0.0189605116709399,0.0534620464539013
Minnesota,Rice County,66523,1,27,4,61,53,0.0242664155831973,0.0530755825289467
Illinois,Livingston County,35761,1,33,5,62,53,0.022266252608898,0.0530587815635205
Louisiana,East Baton Rouge Parish,440956,58,894,209,56,53,0.0403380635389583,0.0528403664438936
Georgia,Henry County,230220,13,152,40,53,53,0.0534070161529059,0.052445517930728
Mississippi,Grenada County,21055,2,30,9,54,53,0.0469796078639327,0.0522324144954614
North Carolina,Wilson County,81455,3,66,14,58,53,0.0326668805951651,0.0520723905648284
New York,Cayuga County,77145,2,143,10,69,53,0.0106275320425723,0.0519803731669012
Louisiana,Iberia Parish,70941,2,90,8,66,53,0.0147462462553042,0.0517885969459745
Pennsylvania,Washington County,207346,9,275,48,61,53,0.025469399656003,0.0517524950453848
Tennessee,Claiborne County,31756,1,28,5,60,53,0.0273110133390586,0.051675834627013
Iowa,Johnson County,151260,37,560,114,57,53,0.0365010006911295,0.0515629153397738
Pennsylvania,Lehigh County,368100,27,609,121,59,53,0.0304480560417631,0.051506363162026
North Carolina,Johnston County,202675,4,100,14,60,53,0.0259247752978324,0.0513249688959088
Florida,Escambia County,315534,10,474,44,66,53,0.0144633736389427,0.0513121506538292
Michigan,Washtenaw County,370963,50,542,181,52,53,0.0567224179860431,0.0513105830930161
Maine,Kennebec County,122083,5,152,26,61,54,0.0256201672662019,0.0511116000834308
Kentucky,Oldham County,66470,2,26,7,54,54,0.0506751183587908,0.0510606634062975
Florida,Pinellas County,975280,45,1516,296,61,54,0.0251444727416829,0.0504214120672791
North Carolina,Wake County,1092305,54,863,175,56,54,0.0383333661519755,0.0502993487807568
Ohio,Warren County,232173,7,96,28,54,54,0.0491777744498803,0.0502733895508986
Indiana,Wells County,28206,1,24,5,59,54,0.0296602573828925,0.0500081568817767
Tennessee,Roane County,53140,1,46,6,64,54,0.017978925718717,0.0498961770556421
New York,Broome County,191659,9,377,48,65,54,0.0170917911757439,0.04951785891763
Idaho,Madison County,39304,2,23,4,58,54,0.0325218052989312,0.0494722422176584
Missouri,Clinton County,20470,1,33,5,62,54,0.0220478973378509,0.0494539413344674
Ohio,Union County,57835,2,26,7,54,54,0.0487125440561339,0.0493497912777637
Illinois,McLean County,172828,7,189,26,62,54,0.0222838835789706,0.0492547453449915
Indiana,Montgomery County,38346,1,24,5,59,54,0.0296828167306783,0.0491901909988762
Florida,Hernando County,190865,5,240,36,64,54,0.0178554865815486,0.0491310385930217
Pennsylvania,Philadelphia County,1584138,177,3130,687,57,54,0.0351093753582218,0.0491175715232571
Nebraska,Lincoln County,35185,3,56,16,56,54,0.0387400561661138,0.0489682163261155
Tennessee,Maury County,94340,6,83,26,54,54,0.0500013453146154,0.0489594669318187
Mississippi,Lee County,85202,12,403,50,63,54,0.0194760336218443,0.0487639201356345
Pennsylvania,Cumberland County,251423,13,392,67,61,54,0.0238593598433942,0.0485166517172642
Georgia,Lowndes County,116321,11,117,38,53,54,0.0527703386543809,0.0484125503301752
Indiana,Ripley County,28523,1,14,5,54,54,0.0509511622127342,0.0483499970370966
Florida,Highlands County,105424,4,192,38,63,54,0.0192491431334547,0.0482663847069344
Indiana,Clark County,117360,5,103,22,58,54,0.0335028119341262,0.0482236736921476
Michigan,Calhoun County,134487,4,135,20,63,54,0.020898732682884,0.0479695211007464
Texas,Coryell County,74808,1,22,3,61,54,0.0246934561259888,0.0475957086824544
Pennsylvania,York County,448273,18,536,90,61,54,0.0241540300215632,0.0475090832408566
California,Humboldt County,136373,5,126,24,60,54,0.0277493622408014,0.0474958902452505
Colorado,Broomfield County,69267,5,68,20,54,54,0.0474929162166735,0.0474642838261971
Iowa,Carroll County,20154,1,64,6,69,54,0.0114166799377274,0.0474242709086384
North Carolina,Randolph County,143351,2,29,10,54,54,0.0501248873044856,0.0473344202887901
Texas,Comal County,148373,4,78,20,57,54,0.0377516603431256,0.0473127590064446
Arkansas,White County,78727,3,283,14,73,54,0.00709997483700696,0.0471569623283594
South Carolina,Abbeville County,24541,1,19,6,56,54,0.0410176370627797,0.0469799508072505
North Carolina,Durham County,316739,63,629,241,51,54,0.0626635745092371,0.0466819639530896
Tennessee,Shelby County,935764,99,1728,394,57,54,0.0361882737896379,0.0466599272282809
Nevada,Washoe County,465735,25,412,114,56,54,0.0419823791231609,0.0466597127096997
Georgia,Crisp County,22601,3,49,16,55,54,0.0437784216422737,0.0466352052739528
Oklahoma,Payne County,82040,3,111,11,66,54,0.0144887106419382,0.0466086644008187
Connecticut,New London County,266784,6,282,32,65,54,0.0156887881817897,0.0465754902379746
Georgia,Clarke County,127330,17,290,54,59,54,0.0307047591915948,0.046484647687835
Virginia,Bedford County,78747,1,28,6,59,54,0.0289997616652745,0.0464480905635832
Kansas,Butler County,66765,3,72,14,60,55,0.0277346883676672,0.0457269519117603
Nevada,Elko County,52460,2,52,7,62,55,0.0230793909090151,0.0456099335499636
Montana,Flathead County,102106,4,110,22,60,55,0.0275741675804269,0.0456079910443648
Pennsylvania,Mercer County,110683,2,78,13,63,55,0.0199916634344894,0.045221111767913
Michigan,Midland County,83209,5,181,28,63,55,0.0202268147512222,0.0451830692431103
Arkansas,Boone County,37480,2,69,12,62,55,0.0215625931424493,0.0451779234088875
Illinois,St. Clair County,261059,7,319,34,66,55,0.0150368790928832,0.0451464368356045
Kentucky,Calloway County,39135,2,66,10,63,55,0.0199062083477454,0.0450514590196717
Maryland,Frederick County,255648,4,195,18,67,55,0.0138754688205126,0.0449214710041918
Missouri,St. Francois County,66692,2,68,10,63,55,0.0203653791272608,0.0446753599149908
Mississippi,Jackson County,143277,10,159,48,55,55,0.0434725250604752,0.0443942914159269
Pennsylvania,Butler County,187888,6,157,35,59,55,0.0289531928529216,0.0441967245934029
Indiana,Lawrence County,45668,1,44,6,65,55,0.0172245601292069,0.0441280615196754
Ohio,Darke County,51323,1,22,6,58,55,0.0335635368370399,0.044096298960212
Texas,Travis County,1248743,98,1197,314,54,55,0.0471437928610651,0.0437313975850771
Pennsylvania,Lebanon County,141314,3,73,18,59,55,0.0297267689338281,0.0436609090314486
Arkansas,Saline County,121421,3,60,16,57,55,0.035287823618529,0.0435786553158337
Michigan,Isabella County,70562,2,54,8,63,55,0.0210170398969173,0.0428504925966476
Arizona,Maricopa County,4410824,199,4298,950,59,55,0.0299165810788819,0.0428461009658492
Texas,Wichita County,132064,5,256,24,68,55,0.0122126430083003,0.0428453556703673
South Carolina,Greenville County,514213,39,778,192,58,55,0.0338271660984992,0.0428202655890594
Wisconsin,Green County,36929,1,44,6,65,55,0.017125317534693,0.0427722184108749
Texas,Limestone County,23519,1,63,6,69,55,0.0115590682154356,0.0426484720027458
Wisconsin,Rock County,163129,3,84,16,61,55,0.0249705106829905,0.0425618625249188
Arkansas,Greene County,45325,2,82,10,65,55,0.0162622652575623,0.0425003376911366
Michigan,Wexford County,33466,1,30,6,61,55,0.0247852105629236,0.0422596282589712
Mississippi,Marion County,24715,1,43,6,65,56,0.016585610569512,0.0417552163238024
California,Riverside County,2450758,59,1584,280,61,56,0.0234566521757741,0.0417449209774299
Kansas,Reno County,62342,2,88,13,65,56,0.0164606728902679,0.0416609004718028
Virginia,Albemarle County,108718,2,108,12,67,56,0.013095523408984,0.0414539842782871
Mississippi,Clay County,19386,1,37,6,63,56,0.0193731813210332,0.0414404234620597
Ohio,Wood County,130696,2,85,10,66,56,0.0150746159825329,0.0413799815498784
New Hampshire,Merrimack County,151132,4,196,24,66,56,0.015341987505913,0.0413673590443095
Texas,Kaufman County,128622,2,29,8,56,56,0.0417160663831845,0.0412869262503371
New York,Oneida County,229577,8,290,50,63,56,0.0199762371737089,0.0412830579606132
South Carolina,Chester County,32251,1,30,6,61,56,0.0246995908886803,0.0412668161043456
Nebraska,Sarpy County,184459,2,73,8,65,56,0.0161951804605936,0.0412231336905584
Washington,Cowlitz County,108987,3,126,18,64,56,0.017423727737851,0.0411712732443203
Alabama,Jefferson County,659300,91,1578,479,56,56,0.038799670815479,0.0408614837851215
Indiana,Grant County,65936,3,56,19,56,56,0.0385976200365192,0.0408582740645469
Florida,Hillsborough County,1436888,91,2048,435,59,56,0.028876494538829,0.0408369420370387
Hawaii,Hawaii County,200983,2,104,13,66,56,0.0147665555921075,0.0407665062042566
Tennessee,Hamblen County,64569,2,88,12,65,56,0.0162706933985228,0.0407404490814696
Washington,Clark County,481857,16,329,80,58,56,0.0327915872104978,0.0407221579802585
Louisiana,St. Landry Parish,82764,3,90,16,62,56,0.0221375259371982,0.0406329047460255
Georgia,Tift County,40571,4,119,20,62,56,0.0214541330964191,0.0405846564252589
Indiana,Floyd County,77781,6,120,32,57,56,0.0350053712132082,0.0405786900703157
Missouri,Jefferson County,224347,4,117,20,61,56,0.023855735648792,0.0405661747999818
Texas,Brown County,37924,2,127,13,69,56,0.0115407964674419,0.0404312927992937
Utah,Weber County,256359,4,88,16,60,56,0.0257331843730182,0.040419249145937
Ohio,Ashtabula County,97493,3,115,19,63,56,0.019548973217498,0.040398141590295
Texas,Fort Bend County,787858,29,758,110,62,56,0.023142647637765,0.0403360567662827
Michigan,Chippewa County,37517,1,38,6,64,56,0.0189334879145536,0.0400377353651826
Florida,Osceola County,367990,26,233,116,50,56,0.0692295518975613,0.0399514912867808
South Dakota,Brown County,39316,1,34,6,63,56,0.019683892262714,0.0398069986946311
South Carolina,Chesterfield County,45754,1,26,6,59,56,0.0284470611910481,0.0396356711910249
Indiana,St. Joseph County,270771,15,217,82,55,56,0.0453419082529877,0.0394452002745231
North Carolina,Forsyth County,379099,12,465,66,64,56,0.0174678362066792,0.0394387573391321
Indiana,LaPorte County,110007,2,63,12,62,56,0.0229416690978946,0.039397421395065
Colorado,Mesa County,153207,5,216,32,65,56,0.0166775270488831,0.0393370147799302
Kentucky,Henderson County,45591,2,69,12,63,56,0.020855380248242,0.0393302334375928
New York,St. Lawrence County,108047,1,81,6,71,56,0.00864740174072481,0.0392168958849334
West Virginia,Harrison County,67554,3,167,20,67,56,0.0134606410049975,0.0390118151582075
New Hampshire,Hillsborough County,415247,20,371,114,56,56,0.0384632958588078,0.0385702239881259
Illinois,Stephenson County,44753,1,78,8,70,56,0.0100963277148686,0.0385321169303764
Texas,Erath County,42446,1,34,5,64,56,0.0173963822874918,0.0384253856503235
North Carolina,Watauga County,55945,3,70,16,60,56,0.0273806509039819,0.0384180865109926
North Carolina,Granville County,60115,1,46,6,65,56,0.0160467323872641,0.0384050181121989
Ohio,Huron County,58504,2,72,12,63,56,0.0195706671748431,0.0383292570233707
Virginia,Alexandria City,160530,8,210,34,61,56,0.0239122107054344,0.0382608823743672
Wisconsin,Dodge County,87847,2,89,13,65,57,0.016673146974546,0.0379092036720953
Georgia,Hall County,202148,16,382,85,60,57,0.0271589059268132,0.037774081084365
Idaho,Ada County,469966,22,553,113,60,57,0.0258063289779987,0.0374924678523101
New York,Jefferson County,111755,2,79,10,66,57,0.0151007318185181,0.0372963334603557
Hawaii,Kauai County,72133,1,52,7,66,57,0.0144652639308524,0.0371930126700441
New York,Cortland County,47823,2,35,12,57,57,0.0380387311769241,0.0370449627227257
California,Stanislaus County,549815,11,360,54,64,57,0.0184297229885333,0.0370168260941153
South Carolina,Newberry County,38520,1,37,7,63,57,0.020001752672465,0.0366280347759416
Georgia,Coffee County,43093,2,46,10,60,57,0.0273389147370401,0.0364385518670487
Indiana,Hancock County,76351,4,20,24,43,57,0.140568708524969,0.036248723155876
South Carolina,Charleston County,405905,36,998,216,61,57,0.025005370390073,0.0359611536022207
Oklahoma,Wagoner County,80110,1,61,6,69,57,0.0112791329227173,0.0358461738374717
Georgia,Camden County,53677,1,23,5,60,57,0.0266504889067984,0.0357802808984217
Texas,Burnet County,47542,1,45,8,64,57,0.0175442125154843,0.0357257663163074
Missouri,Henry County,21792,1,37,8,62,57,0.0210438699673852,0.0357087198527657
Alabama,Autauga County,55601,1,44,6,66,57,0.0154331783303929,0.0355646767868694
Florida,Leon County,292502,8,239,40,63,57,0.0197133992299654,0.0353293847217012
Illinois,Whiteside County,55626,1,98,8,73,57,0.00776309595977638,0.0351466805700731
South Carolina,Horry County,344147,19,512,157,59,57,0.0311014173085287,0.035026037476328
Florida,Nassau County,85832,1,40,8,63,57,0.0202677877621841,0.035019457355214
Missouri,St. Charles County,399182,8,518,48,70,57,0.0104986840710189,0.0349591820843289
Minnesota,Ramsey County,550210,26,707,148,62,57,0.0232062985528157,0.0347694408513529
Kentucky,Nelson County,45851,2,12,12,45,57,0.115764255333172,0.0347508686528793
Utah,Cache County,127068,4,47,15,56,57,0.0389796523114475,0.0346929399336528
North Carolina,Alamance County,166436,3,114,20,64,57,0.0181696719638744,0.0346765271291735
North Carolina,Henderson County,116748,2,139,19,68,57,0.0120999322029005,0.0346566612974006
Washington,Walla Walla County,60922,2,51,14,60,57,0.0268095607537734,0.0346095977471169
Oklahoma,Jackson County,24949,1,34,6,64,58,0.0184186121371431,0.0343969300560595
Wisconsin,Racine County,196584,5,195,33,64,58,0.0181378830102931,0.0343901194797313
Michigan,St. Clair County,159337,8,189,59,58,58,0.0324554257367278,0.0342571715617853
Michigan,Kent County,653786,31,937,174,63,58,0.0207802329762792,0.0338563043218374
Texas,Montgomery County,590925,19,571,100,62,58,0.0211024040476938,0.0338077856455037
Tennessee,Dyer County,37320,2,95,14,66,58,0.0147903384869064,0.0333258342430137
Texas,Dallas County,2637772,169,3576,772,60,58,0.0271092266487127,0.0333243701829009
Wisconsin,Winnebago County,171020,5,177,34,63,58,0.0193387550131739,0.033314582596418
Pennsylvania,Fayette County,130441,2,108,17,66,58,0.0146133995672397,0.033301922242099
North Carolina,Craven County,102912,2,118,15,68,58,0.0117751730096636,0.0331429567702802
Missouri,Pemiscot County,16272,1,42,7,65,58,0.0164274776321304,0.0331390429541224
Tennessee,Blount County,131349,3,117,24,63,58,0.0196935605451091,0.0329970594371812
New York,Fulton County,53591,1,38,8,63,58,0.0201194124172973,0.0329479638256485
Iowa,Cerro Gordo County,42647,2,114,18,67,58,0.0136147366923674,0.0329235381725729
Alabama,Madison County,366519,21,558,134,60,58,0.0256996423616206,0.0329015631424718
Rhode Island,Washington County,126179,2,134,17,68,58,0.0116661224672693,0.032385818340229
Indiana,Lake County,484411,17,575,119,63,58,0.0204780427113464,0.0323793802578288
Arizona,Pima County,1039073,42,1579,334,64,58,0.0188353840075718,0.0323638831190345
Idaho,Cassia County,23864,1,12,6,54,58,0.0488903491948468,0.0323208498385242
South Carolina,Colleton County,37660,1,84,8,71,58,0.00901614472300978,0.0322742014474472
North Carolina,Onslow County,197683,3,83,12,65,58,0.0169954328818582,0.0320963521703734
Indiana,Jackson County,44111,1,68,7,70,58,0.0100827555890495,0.0320097238459745
New Jersey,Atlantic County,265429,6,382,46,69,58,0.0115450508344855,0.0319379356204477
Florida,Marion County,359977,4,173,46,63,58,0.0199314524994365,0.0317897163567236
Mississippi,George County,24250,1,39,6,65,58,0.0164527394856596,0.031750095585778
Texas,Hays County,222631,9,128,42,56,58,0.0395088812926859,0.0316675720133143
Florida,Martin County,160912,4,397,52,71,58,0.00918082493333288,0.0316100896846557
Ohio,Ashland County,53745,1,20,8,57,58,0.0356825486960826,0.0314505490577119
Illinois,Williamson County,67056,1,77,8,71,58,0.00950585099401826,0.03142366724283
Mississippi,Lamar County,62447,2,134,12,71,59,0.0094620062335037,0.031228739176831
Mississippi,Hinds County,237085,31,1077,191,64,59,0.018140043427242,0.0312190285062897
Pennsylvania,Centre County,162805,7,164,44,60,59,0.0262450154119923,0.0312120109846997
South Dakota,Codington County,28015,1,48,8,66,59,0.0145541540776368,0.0309577806182166
Kentucky,Madison County,92368,2,61,12,63,59,0.020189659588553,0.0309275242430657
Maryland,St. Mary's County,112664,2,67,12,63,59,0.019252110981483,0.0307168800571258
Kentucky,Campbell County,93152,2,61,14,62,59,0.0225081467251554,0.0306169971487758
North Carolina,Davidson County,166614,2,42,16,57,59,0.0352268277837674,0.0305052484028868
Florida,Lake County,356495,14,770,158,66,59,0.015182219527849,0.0303310279455182
Texas,Hopkins County,36810,1,36,8,63,59,0.0195211637984737,0.0302306862088551
Arkansas,Union County,39126,2,40,16,57,59,0.0356240011909817,0.030059811921734
Texas,Brazos County,226758,12,286,52,63,59,0.0202884692083227,0.0298810152152469
North Carolina,Scotland County,34810,1,68,8,70,59,0.0103640765195162,0.0298520557165628
Arizona,Yavapai County,231993,3,209,39,67,59,0.0135522344360094,0.0297451935475655
North Carolina,Sampson County,63626,1,19,8,57,59,0.036964185248645,0.0296566370439758
Iowa,Linn County,225909,6,286,44,67,59,0.0140132579912163,0.0295473766591894
Louisiana,Rapides Parish,130562,10,446,75,66,59,0.0151213433983375,0.0294867148143554
California,El Dorado County,190678,3,118,28,63,59,0.0206374355413223,0.0294601761944696
Wisconsin,La Crosse County,118230,5,223,38,66,59,0.0148001423389469,0.0293953247130355
Indiana,Shelby County,44593,1,26,8,60,59,0.0278014071813661,0.0293204337736582
Pennsylvania,Beaver County,164742,3,152,30,65,59,0.015631102847738,0.0291755850467405
Texas,Williamson County,566719,19,371,108,59,59,0.0310895258811007,0.0290898108088861
Montana,Missoula County,118791,6,166,42,61,59,0.0237960249763898,0.0289612775883702
Pennsylvania,Lancaster County,543557,10,614,86,69,59,0.0112553595060673,0.0286970154634869
South Carolina,Richland County,414576,45,601,271,55,59,0.0450513025538147,0.0285920009411183
Arkansas,Independence County,37678,3,136,25,66,59,0.0152900218343473,0.028580563524871
Kansas,Franklin County,25631,1,27,8,60,60,0.0259806226338048,0.0282870485243335
Idaho,Kootenai County,161505,3,142,26,66,60,0.0153813597497501,0.0281496982311043
Mississippi,Union County,28606,1,117,8,76,60,0.00576262444225284,0.0279905945792244
Mississippi,Lafayette County,54793,8,111,48,56,60,0.0411864214190585,0.027931482787321
Virginia,Prince Edward County,22950,1,56,8,69,60,0.0112413468489465,0.0279298088872842
New Hampshire,Strafford County,130090,5,138,37,61,60,0.0242202186854742,0.0279057297924871
North Carolina,Lee County,61452,1,101,8,74,60,0.0067975169341452,0.0278827960916218
New Mexico,San Juan County,125043,3,118,22,65,60,0.0163579382898583,0.0278444374789729
Wyoming,Sweetwater County,43051,1,62,6,70,60,0.0100356669050366,0.027793692346747
Oregon,Clatsop County,39764,1,34,10,61,60,0.0236396489084995,0.0277419411890837
Tennessee,Washington County,128607,7,398,61,68,60,0.0126264364344854,0.0277310925955216
North Carolina,Wayne County,123248,2,186,16,73,60,0.00727047342832988,0.0275774793436837
Indiana,Vigo County,107386,3,141,24,67,60,0.0140147026179334,0.0275450569421613
Oregon,Josephine County,87393,1,97,12,71,60,0.00867089145704271,0.0274236531931797
Louisiana,Tangipahoa Parish,133777,4,216,28,68,60,0.011849565717273,0.027396345006466
Missouri,Greene County,291923,19,885,155,67,60,0.0140579521079689,0.0273769332196278
Louisiana,Lafayette Parish,242782,12,446,80,65,60,0.0169312804603568,0.0273745965701496
Alaska,Anchorage Municipality,291538,17,253,96,56,60,0.040012028634813,0.0273296891981961
Florida,Alachua County,269956,37,889,254,61,60,0.0248365735442303,0.0271632974176552
Indiana,Madison County,129641,3,174,27,68,60,0.0124118834943435,0.0271354672365549
Arkansas,Pulaski County,392680,64,1267,496,58,60,0.0337085208814678,0.0269687304467013
Ohio,Hamilton County,816684,38,1188,302,62,60,0.0211745201807005,0.0267374866487852
Oregon,Klamath County,67653,1,81,10,71,60,0.00934236971115699,0.0266205779454064
Ohio,Stark County,371574,13,548,128,64,60,0.0175884296211486,0.0265949349109544
New York,Warren County,64265,2,195,22,72,60,0.00836794138026576,0.0264577052432216
Missouri,Bates County,16320,1,39,10,64,60,0.0188752045237806,0.026344762228875
Virginia,Halifax County,34120,1,40,12,63,60,0.0204461568663982,0.0263444866483696
Missouri,Jackson County,700307,35,859,274,60,60,0.0267382155630237,0.0262913408471197
New Hampshire,Cheshire County,76493,1,39,10,63,60,0.0196532229298257,0.0261706279790409
Texas,Collin County,1005146,53,997,314,58,60,0.032232127395747,0.0261148835442972
Alabama,Calhoun County,114277,2,65,18,62,60,0.0219646310029018,0.0260442127065856
New York,Genesee County,57511,1,86,10,71,60,0.00873510863764328,0.0259802804888706
Indiana,Delaware County,114772,4,209,36,68,60,0.0126274317280813,0.0256980606101844
Kansas,Wyandotte County,165324,22,594,148,62,61,0.021981221324059,0.0254371740387251
Pennsylvania,Allegheny County,1218452,58,2799,595,66,61,0.0151957133612933,0.0252252656777724
New Mexico,Curry County,49437,1,50,7,69,61,0.0112584703623473,0.0251398906994269
Tennessee,Knox County,465289,15,842,127,68,61,0.0119305753513216,0.0250957671899767
Iowa,Polk County,487204,17,1005,123,70,61,0.0104562784605662,0.0249760021445746
Alabama,Tuscaloosa County,208911,10,337,72,64,61,0.0179198284925724,0.024945384359467
Missouri,Boone County,180005,20,532,134,62,61,0.0215727453085117,0.0249448213993874
Florida,Pasco County,539630,15,724,178,65,61,0.0162641023938291,0.0249324518489266
North Carolina,Stanly County,62075,1,70,10,69,61,0.0105174774607116,0.0248727825802617
Colorado,Adams County,511868,27,494,161,58,61,0.0313059090504635,0.0248351936280445
Georgia,Chatham County,289195,7,237,58,63,61,0.0192684980142787,0.0248218034557285
Georgia,Bibb County,153095,4,389,34,74,61,0.00670382674368058,0.0247690504699936
Pennsylvania,Armstrong County,65263,1,81,12,70,61,0.0100243510684089,0.0246400391040942
Iowa,Wapello County,35205,1,39,10,64,61,0.0181365197897303,0.0246310734276838
Georgia,Houston County,155469,5,195,36,65,61,0.0159497746501091,0.0246008830430069
Montana,Yellowstone County,160137,8,242,75,62,61,0.0227209935677943,0.0244423167195661
Michigan,Lapeer County,88028,1,97,10,72,61,0.00794363303576446,0.0242483032652277
Texas,Smith County,230221,14,700,129,67,61,0.0131969713041271,0.0242341484969051
South Carolina,Aiken County,169401,2,153,21,70,61,0.00973667409686583,0.0241458764666851
Pennsylvania,Franklin County,154835,3,207,33,69,61,0.0106767080453268,0.0241350036705121
Utah,Utah County,622213,14,157,64,57,61,0.0378794863506709,0.0238780525775699
Minnesota,Olmsted County,156277,18,660,165,64,61,0.0179989680407523,0.0237674207537835
Arizona,Cochise County,126770,1,108,12,74,61,0.00698818323661781,0.0236951987444233
North Carolina,Catawba County,158652,4,264,40,69,61,0.0110055814826342,0.0236452211216653
Iowa,Story County,98105,2,120,14,71,61,0.00871586455717406,0.0235802025076772
Florida,Charlotte County,184998,3,521,64,75,61,0.0061016324549699,0.0235742213977057
West Virginia,Monongalia County,106420,16,329,116,59,61,0.0284686923941842,0.0234824476049715
New Mexico,Lea County,69611,1,80,7,74,62,0.00699477511535099,0.0231218021105735
North Carolina,Pasquotank County,39639,1,88,10,72,62,0.00792398985326129,0.0226944851122022
California,Butte County,231256,4,290,43,71,62,0.00950168529839669,0.0225572335387454
Nevada,Carson City,55414,2,144,24,69,62,0.0105877178768869,0.0222650017305882
Michigan,Saginaw County,190800,8,436,93,67,62,0.0133968441533627,0.0221735464963786
Louisiana,Ouachita Parish,154475,7,339,64,67,62,0.0132226097482477,0.0220702823437049
Idaho,Canyon County,223499,5,166,41,64,62,0.018100994341687,0.0220599169060062
Alabama,Lauderdale County,92387,3,143,36,66,62,0.0155680349781487,0.0219807658348269
Pennsylvania,Columbia County,65456,1,30,12,61,62,0.0243812417968116,0.021852242554992
Missouri,Johnson County,53652,1,24,8,61,62,0.0238371197752343,0.0218081084459662
Florida,Duval County,950181,50,1743,442,64,62,0.0186284973073236,0.0217080962199728
Pennsylvania,Carbon County,64227,1,75,13,69,62,0.0107467344055216,0.0216762551920871
Iowa,Black Hawk County,132408,4,256,41,70,62,0.0101246908344082,0.0216043834367235
North Carolina,Moore County,98682,3,212,44,69,62,0.0111223920227779,0.0215834303190635
Texas,Tarrant County,2084931,71,2142,525,63,62,0.0195985625579411,0.0215488725586659
Texas,Bell County,355642,18,532,126,64,62,0.0183786899028014,0.0215266579084957
Florida,Polk County,708009,13,1079,159,71,62,0.00871833850935195,0.0215170800900216
Pennsylvania,Somerset County,73952,1,107,14,73,62,0.00757101793260286,0.0214796564209728
Ohio,Fairfield County,155782,2,170,20,72,62,0.00806601370671049,0.0214057580276627
California,Yuba County,78041,3,175,24,70,62,0.0101355081504507,0.021385784716449
Kentucky,Jefferson County,770517,31,1553,319,67,62,0.013632482637598,0.0213133681728863
Oregon,Multnomah County,811880,25,982,214,65,62,0.0165311713026937,0.0211204627019196
Wisconsin,Eau Claire County,104534,4,226,40,69,63,0.0113235514234253,0.0208752883307708
Michigan,Muskegon County,173588,3,229,33,71,63,0.00921638892877203,0.0207836135819828
North Carolina,New Hanover County,232274,4,292,45,70,63,0.00964045405023389,0.0205962218561891
Georgia,Colquitt County,45592,1,65,10,70,63,0.0099637596207871,0.0205649400862389
Maryland,Wicomico County,103195,4,218,42,68,63,0.0120179781855584,0.0203756427145377
Kentucky,Boone County,131533,2,51,18,61,63,0.02535597055068,0.0203715274573411
North Dakota,Ward County,67744,3,210,27,72,63,0.00818556230480185,0.0202768500572706
Ohio,Franklin County,1310300,75,2315,619,63,63,0.019363895238552,0.0202314663128274
Ohio,Knox County,61893,1,50,12,67,63,0.0141261727641585,0.0201282109809688
Missouri,Adair County,25339,1,30,10,63,63,0.0194638232726851,0.0200592197440554
Texas,Bexar County,1986049,69,2359,576,65,63,0.0170902810276171,0.0200525137519143
Missouri,Scott County,38458,1,53,12,67,63,0.0133119304994122,0.020006286823232
North Carolina,Orange County,146027,11,396,102,64,63,0.0176463000372647,0.0199848452783129
Texas,Johnson County,171361,3,167,29,69,63,0.011564466463551,0.0197955295789883
Maine,Penobscot County,151096,4,334,51,71,63,0.00895946560933285,0.0197329043844779
Michigan,Montcalm County,63968,1,64,12,69,63,0.0112644237889915,0.0196305359495137
Florida,Brevard County,596849,9,636,146,68,63,0.0117029599196925,0.0195389267176511
Florida,Bay County,185287,1,126,12,76,63,0.00564908661060902,0.0193537692815241
Kentucky,Hardin County,110356,2,103,20,68,63,0.0125543112542163,0.0191357957527305
Tennessee,Bradley County,106727,2,113,24,68,63,0.0123722430775423,0.0190643497251168
Maine,Androscoggin County,107679,3,88,38,61,64,0.0247439897383743,0.0190385538821431
Alabama,Montgomery County,225763,9,456,98,67,64,0.0128925120399518,0.0188344215575409
Florida,Orange County,1380645,50,1685,453,64,64,0.0180169171156019,0.0184841891150414
South Carolina,Oconee County,78374,2,65,32,61,64,0.0250427140550179,0.0183939720506129
Ohio,Gallia County,29979,1,100,14,73,64,0.00732223868955224,0.01815389410958
Ohio,Clermont County,205466,5,62,61,52,64,0.057217724246936,0.0180774768867116
Florida,Volusia County,547538,18,661,318,62,64,0.0224457909629892,0.0179781566025778
Indiana,Monroe County,146917,3,142,30,68,64,0.0121204900243432,0.0177972089072453
Georgia,Whitfield County,104062,2,145,22,71,64,0.00869739043444392,0.0175237810868263
Mississippi,Jones County,68461,1,129,13,77,64,0.00523584762494491,0.0174794621611274
Nebraska,Douglas County,566880,35,618,359,57,64,0.0345052817249658,0.0174257096169361
Michigan,Bay County,103923,2,207,32,73,65,0.00742556592450218,0.0170112909177533
North Carolina,Buncombe County,259103,5,541,77,74,65,0.0070005865477878,0.0169666937532801
Alabama,Mobile County,413757,6,248,77,65,65,0.016448682401299,0.0169081674772938
Virginia,Newport News City,178626,3,196,33,71,65,0.00929817797604776,0.0167204393680954
California,San Bernardino County,2171603,38,1738,369,68,65,0.0128092234722583,0.0166647871739036
Virginia,Suffolk City,91185,1,127,12,76,65,0.0052671402751603,0.0165929097080897
South Carolina,Greenwood County,70741,2,164,30,72,65,0.00858403848192863,0.016574666812662
Ohio,Madison County,44413,1,24,13,59,65,0.0292288319585414,0.016433266822916
Kentucky,McCracken County,65346,2,248,32,75,65,0.00597711187704615,0.0164232812944193
California,Shasta County,180040,3,289,50,72,65,0.00788063566232006,0.0162519839980507
Illinois,Kankakee County,110024,4,243,57,69,65,0.0112110501132506,0.0161610617623242
Texas,Maverick County,58485,1,56,10,70,65,0.00955404739524268,0.0161451424513773
West Virginia,Mercer County,59131,2,153,35,70,65,0.0100842841468952,0.0161141009124828
Illinois,Grundy County,50972,1,65,12,70,65,0.0100545745867884,0.0161096113201706
California,Kern County,896764,14,672,133,69,65,0.0115711358576604,0.0160970748295725
Oklahoma,Oklahoma County,792582,41,1326,482,63,65,0.0190676847796212,0.0159325400923239
Oregon,Lane County,379611,4,391,62,73,65,0.00739059787503464,0.0159282701510257
Arkansas,Washington County,236961,6,435,61,73,65,0.0077656048710125,0.0158471041240998
North Carolina,Cabarrus County,211342,8,265,92,63,65,0.0192031966964183,0.0158151278278428
Indiana,Elkhart County,205560,4,197,51,68,65,0.0127571998617281,0.0158132350118019
Michigan,Grand Traverse County,92573,3,320,50,73,65,0.00718642298679309,0.0157534413743306
Oklahoma,Grady County,55551,1,11,14,51,65,0.0631418115642165,0.0157221295387102
Missouri,Taney County,55852,1,46,18,65,66,0.0164508910159251,0.0153397606920852
Pennsylvania,Montour County,18240,3,225,58,70,66,0.0101858828701845,0.0152556446024758
Ohio,Montgomery County,532331,10,957,160,73,66,0.00733889523322062,0.0152317198523603
Colorado,Pueblo County,167529,3,281,49,73,66,0.00756472512931708,0.0150319126743622
South Dakota,Minnehaha County,192876,5,498,61,75,66,0.00616748010224181,0.0147666640251961
South Carolina,Pickens County,124937,1,86,15,73,66,0.00773683693120011,0.01472028867733
Illinois,Winnebago County,284081,5,530,81,74,66,0.006630361547018,0.0146310471643821
Illinois,Sangamon County,195348,5,509,84,74,66,0.0070663373035247,0.0142632225670726
Pennsylvania,Erie County,272061,4,381,69,73,67,0.00748650651200825,0.0141168192170009
Montana,Cascade County,81643,3,127,53,65,67,0.0165322284532471,0.0140751039044295
Virginia,Richmond City,228783,11,645,145,69,67,0.0106576029434384,0.0138497815266085
California,Fresno County,994400,18,859,221,68,67,0.0119671837842235,0.01383810864961
Maryland,Baltimore City,602495,41,1994,573,67,67,0.0132598385892811,0.0138032241788016
Oregon,Jackson County,219564,3,319,61,73,67,0.00723676474533479,0.0137835035000752
Louisiana,Calcasieu Parish,203112,5,308,74,70,67,0.010510707753451,0.0136278410230051
Minnesota,Stearns County,159256,5,152,77,63,67,0.020829782935774,0.0135675381503341
Texas,Hunt County,96493,1,80,16,72,67,0.00843029833571787,0.0134406205775706
Ohio,Sandusky County,58799,1,71,19,70,67,0.0104463564524093,0.0134099053254193
Georgia,Richmond County,201554,10,557,142,69,67,0.0113120382875476,0.0133773229202312
New Jersey,Salem County,62607,1,198,19,80,67,0.00373996538963757,0.0133605800056444
Wyoming,Campbell County,46140,1,16,11,57,67,0.0373887941870827,0.0131321376271672
Alabama,Houston County,104722,1,105,18,74,67,0.0067397780196393,0.0131308693092955
West Virginia,Berkeley County,117123,2,151,30,71,67,0.00899796066768792,0.0129725000097532
New York,Chemung County,84254,1,181,20,79,67,0.004072308556692,0.0129290322106014
Kentucky,Fayette County,323780,21,1097,303,68,68,0.0118009348683542,0.0126313782198848
Oklahoma,Pontotoc County,38247,1,116,18,76,68,0.00559107298734527,0.0124159356229965
Arkansas,Benton County,272608,2,177,30,74,68,0.00690683653984337,0.012224542080343
Arizona,Yuma County,212128,2,296,42,78,68,0.00435288916252099,0.0119712652210365
Idaho,Bannock County,87138,2,48,32,61,68,0.0254615566766091,0.0118022148734254
New Jersey,Cumberland County,150972,2,188,36,74,68,0.00703092616356823,0.0117018786372773
Ohio,Licking County,175769,2,126,38,69,68,0.0111322874984375,0.0116837179669197
Missouri,St. Louis City,302838,23,1020,377,66,68,0.0147002806476018,0.011671812929674
California,Napa County,139417,3,156,66,67,68,0.0141246682277231,0.0116400785006432
Illinois,Adams County,65691,1,176,25,79,69,0.00416771781950663,0.0111935370761449
Ohio,Lucas County,429899,11,790,222,71,69,0.00952212299518393,0.0109877534061041
Illinois,DeKalb County,104143,1,85,16,74,69,0.00684195648042869,0.0109521659748178
Texas,El Paso County,840758,14,894,222,71,69,0.00895669186802352,0.010865040294221
Tennessee,Anderson County,76482,1,171,25,78,69,0.00442387115426402,0.0107464097023477
North Carolina,Nash County,94016,1,181,23,79,69,0.00405331355136938,0.0105374138389925
Michigan,Kalamazoo County,264870,3,549,58,81,70,0.00342984442507129,0.0104241673853475
West Virginia,Wood County,84203,1,120,26,75,70,0.00639795127656934,0.0103746682450928
Texas,Parker County,138371,1,52,20,67,70,0.0132198186605691,0.0103685237172684
Pennsylvania,Clearfield County,79388,1,114,27,74,70,0.0068630653504211,0.0103128421567377
Rhode Island,Providence County,636084,4,576,84,78,70,0.00463744505665873,0.0102918670248442
Minnesota,Anoka County,353813,7,233,132,63,70,0.0202479753205489,0.010287038739393
Colorado,La Plata County,56310,1,48,22,66,70,0.0153359966514717,0.0101277935252231
Florida,Jackson County,48305,1,29,26,60,70,0.0256432267318668,0.0100473629150208
Wisconsin,Wood County,73055,1,188,28,79,70,0.0040949815845875,0.0100456170665518
Illinois,Jackson County,57419,1,116,21,76,70,0.00533646528968685,0.0100190967539832
Michigan,Emmet County,33308,2,84,58,63,70,0.0192757635926172,0.00997696667409058
Virginia,Hanover County,107239,1,195,24,80,70,0.0037898143899218,0.00997492455343093
Illinois,Rock Island County,143477,1,301,26,84,70,0.0024021678161677,0.00995368694619711
South Carolina,Spartanburg County,313888,4,503,87,76,70,0.00540712453082236,0.00985284486501972
Oregon,Douglas County,110283,1,93,34,71,70,0.0090099629838014,0.00964724461413822
Virginia,Norfolk City,244076,5,412,82,74,70,0.00680644428105165,0.00961445506882831
Oklahoma,Muskogee County,68362,1,105,24,74,71,0.00643880565940517,0.00938151497190456
Texas,Cameron County,423908,6,546,119,75,71,0.00628528554640339,0.00930864803375447
Iowa,Pottawattamie County,93533,2,120,51,68,71,0.0117369038651466,0.00927691830317853
Indiana,Dubois County,42565,1,51,26,67,71,0.0139766300986259,0.00927049741234974
Maryland,Washington County,150926,2,215,52,74,71,0.00659284344725278,0.00910232854361336
Indiana,Tippecanoe County,193048,3,221,53,73,71,0.0072654690601009,0.00905837697383461
Tennessee,Hamilton County,364286,8,736,209,73,71,0.00768459672792524,0.00904369219643012
Texas,Lubbock County,307412,11,617,210,70,71,0.0100612410319905,0.00903687463988303
Tennessee,Sullivan County,157668,2,305,64,77,71,0.00519006485145405,0.0090216963702306
Georgia,Muscogee County,194160,4,570,83,79,71,0.00429962827617478,0.00895493779336196
Kentucky,Kenton County,166051,8,168,176,58,71,0.0315311023138166,0.00894713800673951
Texas,Gregg County,247414,1,110,24,75,71,0.00581401295096373,0.00883452379665125
Virginia,Charlottesville City,48117,5,336,89,72,71,0.00851006893258492,0.00878767397796261
South Dakota,Pennington County,111729,1,217,27,81,71,0.0032859517300869,0.00875898332571389
Missouri,Camden County,45815,1,50,40,64,72,0.0183843942704216,0.00861829899045094
Indiana,Wayne County,65936,1,105,30,74,72,0.00694375881371222,0.0086158537488813
Utah,Washington County,171700,1,95,32,73,72,0.00733815147467104,0.00854100715198907
Virginia,Harrisonburg City,54033,1,168,16,83,72,0.00280824943436574,0.00840122782476896
Wisconsin,Brown County,263378,3,338,73,75,72,0.00588609136422078,0.00836228327362038
Nebraska,Buffalo County,49615,1,107,24,76,72,0.00567688009880913,0.00825037302550075
Indiana,Allen County,375351,7,663,169,74,72,0.00674343604501589,0.00823977597876057
Texas,Webb County,275910,4,288,66,74,72,0.00694928887327118,0.0081703265563363
North Carolina,Robeson County,131831,1,146,25,78,72,0.00450244315350793,0.00810375095567227
Texas,Harris County,4698619,79,6771,1473,74,72,0.00665477625547046,0.00794914128392184
Wisconsin,Outagamie County,187365,2,180,52,73,72,0.00747165377040668,0.00786622057230403
West Virginia,Kanawha County,180454,4,783,138,79,72,0.00393428011158847,0.00784709814188997
Wisconsin,Marathon County,135428,1,135,31,76,73,0.00533644622319819,0.0078043617565263
Pennsylvania,Cambria County,131730,1,350,40,85,73,0.00226985528878867,0.00754914764013087
Texas,Tom Green County,118189,1,195,29,81,73,0.00320892605042501,0.0072459279354925
North Carolina,Pitt County,179914,5,434,124,74,73,0.00688691018870835,0.00721753000764247
Illinois,Peoria County,180621,3,522,99,80,74,0.00390218847553381,0.0069894287932176
Ohio,Hancock County,75930,1,90,34,73,74,0.00776134224462839,0.00693260649074821
Idaho,Twin Falls County,86081,1,103,30,75,74,0.00607734365145733,0.00689403564725652
Texas,Lamar County,49728,1,76,37,71,74,0.00941873542484326,0.00684713466697631
Pennsylvania,Bradford County,60833,1,213,42,80,74,0.00365898813018618,0.00675210723440123
Oklahoma,Tulsa County,648360,12,1279,352,75,74,0.00594167354007877,0.00672474885009374
Illinois,Champaign County,209983,2,316,53,80,74,0.00358993363812166,0.00662547668605575
Iowa,Woodbury County,102539,1,187,31,81,74,0.00341373815918455,0.00659558565505455
Virginia,Chesapeake City,242634,1,242,28,83,74,0.00267354420608313,0.00659399207292437
California,Merced County,274765,1,164,24,81,74,0.00334099749390492,0.00656089108803196
South Carolina,Florence County,138159,5,575,171,75,74,0.00602687191434518,0.00649975497072638
Minnesota,St. Louis County,199754,2,468,80,82,74,0.00314954985269749,0.0064762761382786
Missouri,Clay County,246365,2,300,60,78,74,0.00432358905675387,0.00644869720045598
Texas,Midland County,172578,1,157,24,81,75,0.00345200309122695,0.00635274790752775
Arkansas,Sebastian County,127753,2,415,72,81,75,0.00324462434098808,0.00602253165061848
North Carolina,Gaston County,222846,3,208,113,70,76,0.0100088641280928,0.00575325169589692
Arkansas,Craighead County,108558,2,379,68,81,76,0.00320995411551509,0.00554762157684446
Pennsylvania,Dauphin County,277097,4,718,170,79,76,0.00391102370507849,0.00542138638495778
North Carolina,Lincoln County,83770,1,39,48,63,77,0.0193726822468871,0.00489010278026781
Iowa,Scott County,173283,1,295,46,85,77,0.002307140217695,0.00480849115461368
North Dakota,Cass County,181516,3,315,109,76,78,0.00540643243661769,0.0046538756929617
North Carolina,Cumberland County,332330,2,405,73,83,78,0.00281491406496286,0.00451581451985944
Missouri,Franklin County,103670,1,76,53,70,78,0.00954852672520517,0.00445333684920641
Illinois,Madison County,264461,2,326,113,78,79,0.00437041999941734,0.00419557859435177
Texas,Bowie County,94324,1,394,60,88,80,0.00171089614732817,0.00371125693908498
Nebraska,Lancaster County,317272,3,390,154,78,80,0.00465817135783946,0.00363442619100182
Texas,Grayson County,133991,1,322,72,85,81,0.00218772932778102,0.00327871376793014
Tennessee,Madison County,97605,1,191,77,80,82,0.00362504242842718,0.00294777019046963
Missouri,Jasper County,120636,1,376,84,88,84,0.00172139424771317,0.00252846886489317
Texas,Potter County,119648,2,446,158,83,85,0.00264210159413868,0.00222337506319234
Kansas,Sedgwick County,513607,2,645,199,86,86,0.00197056639130612,0.0020009232964795
Texas,Hidalgo County,865939,2,885,173,92,87,0.00116547897084263,0.00178062252962872
Texas,Nueces County,362265,1,696,118,94,88,0.000911403312064932,0.0016760745077195
Indiana,Vanderburgh County,180974,1,661,147,93,89,0.00104594953807591,0.00158355762710789
