"","FIPS","num_acute_beds"
"1",1001,44
"2",1003,95
"3",1005,0
"4",1007,35
"5",1009,19
"6",1011,0
"7",1013,0
"8",1015,65
"9",1019,45
"10",1021,30
"11",1023,0
"12",1025,0
"13",1027,0
"14",1031,78
"15",1033,86
"16",1035,0
"17",1039,40
"18",1041,0
"19",1043,113
"20",1045,0
"21",1047,94
"22",1049,0
"23",1051,0
"24",1053,0
"25",1055,140
"26",1057,35
"27",1059,22
"28",1061,0
"29",1063,0
"30",1065,0
"31",1069,105
"32",1071,0
"33",1073,1578
"34",1077,143
"35",1079,0
"36",1081,226
"37",1083,47
"38",1089,558
"39",1091,0
"40",1093,32
"41",1095,152
"42",1097,248
"43",1099,0
"44",1101,456
"45",1103,0
"46",1107,0
"47",1109,0
"48",1111,15
"49",1113,27
"50",1115,34
"51",1117,138
"52",1119,0
"53",1121,0
"54",1123,25
"55",1125,337
"56",1127,80
"57",1129,0
"58",1133,0
"59",2020,253
"60",2050,18
"61",2070,0
"62",2090,57
"63",2110,0
"64",2122,30
"65",2130,16
"66",2150,0
"67",2170,0
"68",2180,0
"69",2185,0
"70",2188,0
"71",2195,0
"72",2220,0
"73",2261,13
"74",2275,0
"75",4001,0
"76",4003,108
"77",4005,171
"78",4007,32
"79",4009,36
"80",4012,0
"81",4013,4298
"82",4015,189
"83",4017,77
"84",4019,1579
"85",4021,125
"86",4023,16
"87",4025,209
"88",4027,296
"89",5001,59
"90",5003,15
"91",5005,124
"92",5007,177
"93",5009,69
"94",5011,19
"95",5015,40
"96",5017,25
"97",5019,17
"98",5021,25
"99",5023,25
"100",5027,24
"101",5029,20
"102",5031,379
"103",5033,36
"104",5037,15
"105",5039,22
"106",5041,25
"107",5043,34
"108",5045,184
"109",5047,25
"110",5049,25
"111",5051,319
"112",5055,82
"113",5057,59
"114",5059,42
"115",5061,18
"116",5063,136
"117",5065,15
"118",5069,139
"119",5071,41
"120",5075,25
"121",5081,25
"122",5083,41
"123",5091,0
"124",5093,57
"125",5103,32
"126",5107,79
"127",5113,25
"128",5115,0
"129",5119,1267
"130",5121,19
"131",5123,29
"132",5125,60
"133",5127,24
"134",5131,415
"135",5137,25
"136",5139,40
"137",5141,25
"138",5143,435
"139",5145,283
"140",5149,30
"141",6001,898
"142",6005,0
"143",6007,290
"144",6009,25
"145",6013,698
"146",6015,0
"147",6017,118
"148",6019,859
"149",6021,0
"150",6023,126
"151",6025,48
"152",6027,0
"153",6029,672
"154",6031,0
"155",6033,17
"156",6035,20
"157",6037,8967
"158",6039,73
"159",6041,296
"160",6043,0
"161",6045,52
"162",6047,164
"163",6049,4
"164",6051,13
"165",6053,355
"166",6055,156
"167",6057,0
"168",6059,2403
"169",6061,146
"170",6063,9
"171",6065,1584
"172",6067,1090
"173",6069,33
"174",6071,1738
"175",6073,2524
"176",6075,771
"177",6077,170
"178",6079,163
"179",6081,561
"180",6083,171
"181",6085,1318
"182",6087,68
"183",6089,289
"184",6093,25
"185",6095,314
"186",6097,378
"187",6099,360
"188",6101,0
"189",6103,0
"190",6105,0
"191",6107,336
"192",6109,59
"193",6111,143
"194",6113,51
"195",6115,175
"196",8001,494
"197",8003,26
"198",8005,409
"199",8007,11
"200",8009,23
"201",8013,292
"202",8014,68
"203",8015,19
"204",8017,0
"205",8021,0
"206",8029,37
"207",8031,918
"208",8035,312
"209",8037,38
"210",8041,535
"211",8043,17
"212",8045,32
"213",8049,0
"214",8051,22
"215",8055,0
"216",8059,295
"217",8061,25
"218",8063,0
"219",8065,8
"220",8067,48
"221",8069,266
"222",8071,18
"223",8073,10
"224",8075,18
"225",8077,216
"226",8081,15
"227",8083,0
"228",8085,27
"229",8087,36
"230",8089,0
"231",8095,40
"232",8097,0
"233",8099,21
"234",8101,281
"235",8103,0
"236",8105,17
"237",8107,20
"238",8115,9
"239",8117,18
"240",8119,0
"241",8123,143
"242",8125,71
"243",9001,992
"244",9003,996
"245",9005,74
"246",9007,157
"247",9009,1203
"248",9011,282
"249",9013,0
"250",9015,22
"251",10001,192
"252",10003,691
"253",10005,179
"254",11001,1183
"255",12001,889
"256",12003,0
"257",12005,126
"258",12007,49
"259",12009,636
"260",12011,1995
"261",12013,25
"262",12015,521
"263",12017,171
"264",12019,335
"265",12021,708
"266",12023,0
"267",12027,40
"268",12031,1743
"269",12033,474
"270",12035,81
"271",12037,0
"272",12039,0
"273",12045,12
"274",12049,3
"275",12051,22
"276",12053,240
"277",12055,192
"278",12057,2048
"279",12059,16
"280",12061,112
"281",12063,29
"282",12069,770
"283",12071,1054
"284",12073,239
"285",12075,0
"286",12079,25
"287",12081,176
"288",12083,173
"289",12085,397
"290",12086,3075
"291",12087,21
"292",12089,40
"293",12091,139
"294",12093,0
"295",12095,1685
"296",12097,233
"297",12099,1962
"298",12101,724
"299",12103,1516
"300",12105,1079
"301",12107,82
"302",12109,130
"303",12111,0
"304",12113,133
"305",12115,584
"306",12117,0
"307",12119,40
"308",12121,25
"309",12123,12
"310",12125,0
"311",12127,661
"312",12131,91
"313",12133,25
"314",13001,0
"315",13005,0
"316",13009,0
"317",13013,24
"318",13015,0
"319",13017,0
"320",13019,27
"321",13021,389
"322",13023,0
"323",13027,25
"324",13031,0
"325",13033,0
"326",13035,24
"327",13039,23
"328",13043,0
"329",13045,117
"330",13047,35
"331",13051,237
"332",13053,0
"333",13057,85
"334",13059,290
"335",13063,0
"336",13065,25
"337",13067,680
"338",13069,46
"339",13071,65
"340",13075,48
"341",13077,37
"342",13081,49
"343",13087,0
"344",13089,739
"345",13091,17
"346",13095,287
"347",13097,86
"348",13099,0
"349",13103,25
"350",13105,21
"351",13107,0
"352",13109,0
"353",13111,0
"354",13113,163
"355",13115,172
"356",13117,256
"357",13119,27
"358",13121,2114
"359",13127,196
"360",13129,36
"361",13131,20
"362",13133,25
"363",13135,322
"364",13137,41
"365",13139,382
"366",13143,23
"367",13151,152
"368",13153,195
"369",13155,0
"370",13157,0
"371",13159,12
"372",13161,11
"373",13163,37
"374",13165,0
"375",13173,25
"376",13175,0
"377",13179,0
"378",13185,117
"379",13189,22
"380",13193,0
"381",13199,47
"382",13201,0
"383",13205,25
"384",13207,25
"385",13211,25
"386",13213,12
"387",13215,570
"388",13217,71
"389",13223,100
"390",13225,0
"391",13227,39
"392",13233,25
"393",13235,0
"394",13237,12
"395",13241,0
"396",13243,0
"397",13245,557
"398",13247,0
"399",13251,0
"400",13253,0
"401",13255,103
"402",13257,0
"403",13261,0
"404",13267,0
"405",13275,122
"406",13277,119
"407",13279,44
"408",13281,15
"409",13285,77
"410",13291,35
"411",13293,28
"412",13297,0
"413",13299,0
"414",13303,0
"415",13305,0
"416",13313,145
"417",13317,0
"418",13321,0
"419",15001,104
"420",15003,928
"421",15007,52
"422",15009,166
"423",16001,553
"424",16005,48
"425",16007,0
"426",16009,18
"427",16011,5
"428",16013,19
"429",16017,19
"430",16019,118
"431",16021,20
"432",16023,0
"433",16027,166
"434",16029,16
"435",16031,12
"436",16035,0
"437",16039,25
"438",16041,18
"439",16045,6
"440",16047,10
"441",16049,37
"442",16053,22
"443",16055,142
"444",16057,14
"445",16059,16
"446",16065,23
"447",16067,25
"448",16069,54
"449",16071,0
"450",16077,0
"451",16079,0
"452",16081,13
"453",16083,103
"454",16085,23
"455",16087,12
"456",17001,176
"457",17005,26
"458",17011,50
"459",17019,316
"460",17021,43
"461",17025,10
"462",17027,0
"463",17029,84
"464",17031,7059
"465",17033,18
"466",17037,85
"467",17039,0
"468",17043,1293
"469",17045,25
"470",17049,90
"471",17051,0
"472",17053,16
"473",17055,16
"474",17057,34
"475",17061,13
"476",17063,65
"477",17065,0
"478",17067,15
"479",17069,25
"480",17073,41
"481",17075,19
"482",17077,116
"483",17081,65
"484",17083,42
"485",17085,0
"486",17089,541
"487",17091,243
"488",17095,53
"489",17097,491
"490",17099,107
"491",17101,25
"492",17103,43
"493",17105,33
"494",17107,22
"495",17109,31
"496",17111,205
"497",17113,189
"498",17115,312
"499",17117,25
"500",17119,326
"501",17121,43
"502",17125,0
"503",17127,0
"504",17131,22
"505",17135,42
"506",17137,63
"507",17141,13
"508",17143,522
"509",17145,42
"510",17147,0
"511",17149,9
"512",17157,25
"513",17159,24
"514",17161,301
"515",17163,319
"516",17165,38
"517",17167,509
"518",17169,22
"519",17173,30
"520",17177,78
"521",17179,89
"522",17181,23
"523",17183,90
"524",17185,0
"525",17187,23
"526",17189,14
"527",17191,21
"528",17195,98
"529",17197,575
"530",17199,77
"531",17201,530
"532",17203,11
"533",18001,21
"534",18003,663
"535",18005,145
"536",18009,15
"537",18011,26
"538",18017,64
"539",18019,103
"540",18021,15
"541",18023,25
"542",18027,23
"543",18029,43
"544",18031,16
"545",18033,29
"546",18035,209
"547",18037,51
"548",18039,197
"549",18041,0
"550",18043,120
"551",18049,17
"552",18051,20
"553",18053,56
"554",18055,41
"555",18057,231
"556",18059,20
"557",18061,0
"558",18063,158
"559",18065,0
"560",18067,23
"561",18069,24
"562",18071,68
"563",18073,42
"564",18075,20
"565",18077,58
"566",18079,17
"567",18081,55
"568",18083,56
"569",18085,46
"570",18087,17
"571",18089,575
"572",18091,63
"573",18093,44
"574",18095,174
"575",18097,1850
"576",18099,49
"577",18103,15
"578",18105,142
"579",18107,24
"580",18109,0
"581",18113,22
"582",18117,25
"583",18123,16
"584",18127,0
"585",18131,19
"586",18133,0
"587",18135,14
"588",18137,14
"589",18139,25
"590",18141,217
"591",18143,0
"592",18145,26
"593",18149,15
"594",18151,20
"595",18153,18
"596",18157,221
"597",18159,19
"598",18163,661
"599",18165,17
"600",18167,141
"601",18169,14
"602",18171,16
"603",18173,47
"604",18175,25
"605",18177,105
"606",18179,24
"607",18181,25
"608",18183,21
"609",19001,17
"610",19003,22
"611",19005,20
"612",19007,22
"613",19009,25
"614",19011,25
"615",19013,256
"616",19015,21
"617",19017,31
"618",19019,19
"619",19021,15
"620",19025,21
"621",19027,64
"622",19029,17
"623",19033,114
"624",19035,22
"625",19037,16
"626",19039,25
"627",19041,34
"628",19043,35
"629",19045,49
"630",19047,19
"631",19049,10
"632",19051,13
"633",19053,11
"634",19055,20
"635",19057,94
"636",19059,22
"637",19061,166
"638",19063,18
"639",19065,38
"640",19067,21
"641",19069,25
"642",19071,10
"643",19073,25
"644",19075,15
"645",19077,10
"646",19079,21
"647",19081,25
"648",19083,18
"649",19085,16
"650",19087,13
"651",19089,8
"652",19091,21
"653",19093,20
"654",19095,25
"655",19097,12
"656",19099,17
"657",19101,23
"658",19103,560
"659",19105,22
"660",19107,14
"661",19109,18
"662",19111,76
"663",19113,286
"664",19117,21
"665",19119,14
"666",19121,23
"667",19123,17
"668",19125,42
"669",19127,25
"670",19131,25
"671",19133,19
"672",19135,25
"673",19137,17
"674",19139,29
"675",19141,31
"676",19143,17
"677",19145,40
"678",19147,22
"679",19149,21
"680",19151,20
"681",19153,1005
"682",19155,120
"683",19157,32
"684",19159,16
"685",19161,25
"686",19163,295
"687",19165,22
"688",19167,64
"689",19169,120
"690",19175,18
"691",19177,14
"692",19179,39
"693",19183,22
"694",19185,20
"695",19187,30
"696",19191,25
"697",19193,187
"698",19197,44
"699",20001,20
"700",20003,12
"701",20005,15
"702",20007,33
"703",20009,38
"704",20013,17
"705",20015,72
"706",20019,10
"707",20021,18
"708",20023,16
"709",20025,43
"710",20027,20
"711",20029,20
"712",20031,19
"713",20033,12
"714",20035,43
"715",20037,81
"716",20039,12
"717",20041,20
"718",20045,58
"719",20047,0
"720",20051,54
"721",20053,19
"722",20055,48
"723",20057,18
"724",20059,27
"725",20061,35
"726",20063,21
"727",20065,20
"728",20067,22
"729",20071,18
"730",20073,25
"731",20075,25
"732",20077,9
"733",20079,60
"734",20081,13
"735",20083,8
"736",20085,11
"737",20087,15
"738",20089,25
"739",20091,428
"740",20093,16
"741",20095,19
"742",20097,15
"743",20099,37
"744",20101,25
"745",20103,28
"746",20105,14
"747",20109,25
"748",20111,0
"749",20113,48
"750",20115,15
"751",20117,13
"752",20119,15
"753",20121,18
"754",20123,25
"755",20125,50
"756",20127,21
"757",20129,24
"758",20131,45
"759",20133,25
"760",20135,37
"761",20137,13
"762",20141,21
"763",20143,25
"764",20145,22
"765",20147,25
"766",20149,43
"767",20151,23
"768",20153,15
"769",20155,88
"770",20157,25
"771",20159,25
"772",20161,63
"773",20163,6
"774",20165,25
"775",20167,25
"776",20169,129
"777",20171,10
"778",20173,645
"779",20175,35
"780",20177,365
"781",20179,18
"782",20181,0
"783",20183,25
"784",20185,15
"785",20187,13
"786",20189,17
"787",20191,7
"788",20193,21
"789",20195,25
"790",20201,37
"791",20203,25
"792",20205,40
"793",20209,594
"794",21001,0
"795",21003,25
"796",21009,0
"797",21013,30
"798",21015,51
"799",21017,17
"800",21019,89
"801",21021,0
"802",21025,0
"803",21027,0
"804",21033,0
"805",21035,66
"806",21037,61
"807",21041,0
"808",21045,0
"809",21047,0
"810",21049,0
"811",21051,0
"812",21053,0
"813",21055,0
"814",21057,0
"815",21059,199
"816",21065,25
"817",21067,1097
"818",21069,0
"819",21071,25
"820",21073,0
"821",21081,16
"822",21083,0
"823",21085,0
"824",21087,0
"825",21093,103
"826",21095,44
"827",21097,20
"828",21099,0
"829",21101,69
"830",21107,134
"831",21111,1553
"832",21115,0
"833",21117,168
"834",21121,19
"835",21125,0
"836",21127,65
"837",21131,25
"838",21133,72
"839",21137,0
"840",21139,0
"841",21141,24
"842",21145,248
"843",21151,61
"844",21155,0
"845",21157,25
"846",21161,83
"847",21167,0
"848",21171,0
"849",21173,30
"850",21175,25
"851",21177,0
"852",21179,12
"853",21183,21
"854",21185,26
"855",21193,189
"856",21195,268
"857",21199,0
"858",21203,0
"859",21205,0
"860",21207,23
"861",21209,37
"862",21211,26
"863",21213,25
"864",21217,70
"865",21221,0
"866",21225,25
"867",21227,273
"868",21231,25
"869",21235,158
"870",21239,0
"871",22001,0
"872",22003,0
"873",22005,0
"874",22007,0
"875",22009,30
"876",22011,35
"877",22013,0
"878",22015,0
"879",22017,515
"880",22019,308
"881",22021,37
"882",22023,0
"883",22027,0
"884",22029,60
"885",22031,0
"886",22033,894
"887",22035,0
"888",22037,0
"889",22039,12
"890",22041,24
"891",22045,90
"892",22047,0
"893",22049,25
"894",22051,828
"895",22053,37
"896",22055,446
"897",22057,133
"898",22059,30
"899",22061,0
"900",22063,43
"901",22065,0
"902",22067,0
"903",22069,77
"904",22071,325
"905",22073,339
"906",22077,25
"907",22079,446
"908",22081,0
"909",22083,0
"910",22085,0
"911",22087,32
"912",22089,31
"913",22091,0
"914",22093,10
"915",22097,90
"916",22099,25
"917",22101,18
"918",22103,412
"919",22105,216
"920",22109,178
"921",22111,15
"922",22113,20
"923",22115,0
"924",22117,0
"925",22119,0
"926",22123,0
"927",22125,0
"928",22127,0
"929",23001,88
"930",23003,78
"931",23005,527
"932",23007,32
"933",23009,19
"934",23011,152
"935",23013,53
"936",23015,25
"937",23017,38
"938",23019,334
"939",23021,43
"940",23025,41
"941",23027,17
"942",23029,41
"943",23031,120
"944",24001,116
"945",24003,458
"946",24005,674
"947",24009,55
"948",24013,87
"949",24015,68
"950",24017,81
"951",24019,0
"952",24021,195
"953",24023,30
"954",24025,53
"955",24027,165
"956",24029,0
"957",24031,744
"958",24033,291
"959",24037,67
"960",24039,0
"961",24041,0
"962",24043,215
"963",24045,218
"964",24047,0
"965",24510,1994
"966",25001,268
"967",25003,172
"968",25005,483
"969",25007,17
"970",25009,475
"971",25011,44
"972",25013,808
"973",25015,34
"974",25017,1397
"975",25019,12
"976",25021,328
"977",25023,131
"978",25025,2337
"979",25027,854
"980",26003,0
"981",26005,25
"982",26007,78
"983",26011,0
"984",26013,13
"985",26015,28
"986",26017,207
"987",26019,8
"988",26021,25
"989",26023,36
"990",26025,135
"991",26027,17
"992",26029,21
"993",26033,38
"994",26035,45
"995",26037,23
"996",26039,60
"997",26041,9
"998",26043,29
"999",26045,45
"1000",26047,84
"1001",26049,672
"1002",26051,25
"1003",26053,18
"1004",26055,320
"1005",26057,13
"1006",26059,32
"1007",26061,40
"1008",26063,59
"1009",26065,263
"1010",26067,18
"1011",26069,0
"1012",26071,8
"1013",26073,54
"1014",26075,215
"1015",26077,549
"1016",26079,8
"1017",26081,937
"1018",26087,97
"1019",26091,69
"1020",26093,34
"1021",26095,15
"1022",26097,15
"1023",26099,792
"1024",26101,31
"1025",26103,151
"1026",26105,15
"1027",26107,33
"1028",26111,181
"1029",26115,72
"1030",26117,64
"1031",26121,229
"1032",26123,9
"1033",26125,1866
"1034",26127,24
"1035",26129,78
"1036",26131,10
"1037",26133,25
"1038",26137,29
"1039",26139,92
"1040",26145,436
"1041",26147,189
"1042",26149,75
"1043",26151,15
"1044",26153,10
"1045",26155,54
"1046",26157,49
"1047",26159,66
"1048",26161,542
"1049",26163,2654
"1050",26165,30
"1051",27001,0
"1052",27003,233
"1053",27005,16
"1054",27007,40
"1055",27011,15
"1056",27013,105
"1057",27015,20
"1058",27017,37
"1059",27019,51
"1060",27021,0
"1061",27023,0
"1062",27025,22
"1063",27029,8
"1064",27031,15
"1065",27033,19
"1066",27035,96
"1067",27037,109
"1068",27041,77
"1069",27043,18
"1070",27047,40
"1071",27049,30
"1072",27051,9
"1073",27053,1460
"1074",27057,17
"1075",27059,31
"1076",27061,71
"1077",27063,16
"1078",27065,15
"1079",27067,32
"1080",27069,0
"1081",27071,0
"1082",27073,20
"1083",27075,0
"1084",27077,0
"1085",27079,9
"1086",27081,17
"1087",27083,32
"1088",27085,18
"1089",27087,0
"1090",27089,0
"1091",27091,11
"1092",27093,0
"1093",27095,30
"1094",27097,0
"1095",27101,14
"1096",27103,17
"1097",27105,29
"1098",27107,0
"1099",27109,660
"1100",27111,19
"1101",27113,21
"1102",27115,7
"1103",27117,15
"1104",27119,20
"1105",27121,17
"1106",27123,707
"1107",27127,25
"1108",27129,10
"1109",27131,27
"1110",27133,21
"1111",27135,21
"1112",27137,468
"1113",27139,70
"1114",27143,6
"1115",27145,152
"1116",27147,21
"1117",27149,15
"1118",27151,8
"1119",27153,20
"1120",27155,15
"1121",27157,11
"1122",27159,15
"1123",27161,8
"1124",27163,83
"1125",27165,18
"1126",27167,21
"1127",27169,25
"1128",27171,28
"1129",27173,18
"1130",28001,88
"1131",28003,133
"1132",28007,25
"1133",28011,43
"1134",28013,25
"1135",28017,65
"1136",28019,15
"1137",28021,12
"1138",28023,25
"1139",28025,37
"1140",28027,140
"1141",28029,25
"1142",28031,25
"1143",28033,222
"1144",28035,323
"1145",28037,25
"1146",28039,39
"1147",28041,7
"1148",28043,30
"1149",28045,80
"1150",28047,452
"1151",28049,1077
"1152",28051,25
"1153",28055,57
"1154",28059,159
"1155",28061,16
"1156",28063,30
"1157",28065,35
"1158",28067,129
"1159",28069,25
"1160",28071,111
"1161",28073,134
"1162",28075,492
"1163",28077,25
"1164",28079,25
"1165",28081,403
"1166",28083,125
"1167",28085,50
"1168",28087,112
"1169",28089,25
"1170",28091,43
"1171",28093,20
"1172",28095,80
"1173",28097,25
"1174",28099,63
"1175",28103,25
"1176",28105,75
"1177",28107,71
"1178",28109,42
"1179",28111,22
"1180",28113,112
"1181",28115,25
"1182",28117,41
"1183",28121,261
"1184",28123,50
"1185",28125,19
"1186",28127,69
"1187",28129,10
"1188",28131,25
"1189",28133,55
"1190",28135,18
"1191",28137,0
"1192",28139,25
"1193",28141,40
"1194",28145,117
"1195",28147,25
"1196",28149,257
"1197",28151,39
"1198",28153,68
"1199",28155,17
"1200",28157,16
"1201",28159,14
"1202",28161,26
"1203",28163,25
"1204",29001,30
"1205",29005,15
"1206",29007,20
"1207",29009,36
"1208",29011,25
"1209",29013,39
"1210",29019,532
"1211",29021,251
"1212",29023,111
"1213",29027,12
"1214",29029,50
"1215",29031,258
"1216",29033,25
"1217",29037,64
"1218",29039,25
"1219",29047,300
"1220",29049,33
"1221",29051,105
"1222",29053,0
"1223",29065,0
"1224",29071,76
"1225",29073,24
"1226",29075,25
"1227",29077,885
"1228",29079,15
"1229",29081,19
"1230",29083,37
"1231",29091,73
"1232",29093,15
"1233",29095,859
"1234",29097,376
"1235",29099,117
"1236",29101,24
"1237",29105,44
"1238",29107,21
"1239",29109,21
"1240",29113,21
"1241",29115,25
"1242",29117,17
"1243",29121,25
"1244",29123,13
"1245",29127,70
"1246",29145,21
"1247",29147,26
"1248",29155,42
"1249",29157,18
"1250",29159,68
"1251",29161,84
"1252",29163,25
"1253",29165,31
"1254",29167,28
"1255",29169,0
"1256",29171,15
"1257",29175,70
"1258",29177,25
"1259",29183,518
"1260",29185,12
"1261",29186,21
"1262",29187,68
"1263",29189,2056
"1264",29195,31
"1265",29199,19
"1266",29201,53
"1267",29207,12
"1268",29211,25
"1269",29213,46
"1270",29215,37
"1271",29217,25
"1272",29221,25
"1273",29510,1020
"1274",30001,13
"1275",30003,23
"1276",30005,0
"1277",30007,0
"1278",30009,10
"1279",30011,0
"1280",30013,127
"1281",30015,33
"1282",30017,25
"1283",30019,5
"1284",30021,35
"1285",30023,19
"1286",30025,25
"1287",30027,22
"1288",30029,110
"1289",30031,61
"1290",30033,0
"1291",30035,18
"1292",30039,3
"1293",30041,12
"1294",30047,40
"1295",30049,71
"1296",30051,25
"1297",30053,19
"1298",30055,30
"1299",30057,10
"1300",30059,25
"1301",30061,0
"1302",30063,166
"1303",30065,6
"1304",30067,20
"1305",30071,8
"1306",30073,0
"1307",30077,16
"1308",30079,22
"1309",30081,18
"1310",30083,14
"1311",30085,40
"1312",30087,0
"1313",30089,10
"1314",30091,0
"1315",30093,50
"1316",30095,10
"1317",30097,2
"1318",30099,3
"1319",30101,15
"1320",30105,25
"1321",30107,0
"1322",30111,242
"1323",31001,0
"1324",31003,15
"1325",31011,0
"1326",31013,25
"1327",31015,0
"1328",31017,0
"1329",31019,107
"1330",31021,0
"1331",31023,0
"1332",31029,18
"1333",31031,0
"1334",31033,19
"1335",31037,0
"1336",31039,23
"1337",31041,0
"1338",31045,23
"1339",31047,16
"1340",31053,39
"1341",31055,618
"1342",31057,14
"1343",31059,18
"1344",31061,0
"1345",31065,0
"1346",31067,19
"1347",31069,0
"1348",31079,93
"1349",31081,14
"1350",31083,19
"1351",31089,0
"1352",31093,0
"1353",31095,17
"1354",31097,0
"1355",31099,5
"1356",31101,17
"1357",31105,0
"1358",31107,23
"1359",31109,390
"1360",31111,56
"1361",31119,75
"1362",31121,0
"1363",31123,8
"1364",31125,0
"1365",31127,11
"1366",31129,21
"1367",31131,26
"1368",31133,5
"1369",31135,0
"1370",31137,0
"1371",31139,20
"1372",31141,0
"1373",31143,0
"1374",31145,25
"1375",31147,22
"1376",31149,24
"1377",31151,41
"1378",31153,73
"1379",31155,0
"1380",31157,56
"1381",31159,0
"1382",31161,0
"1383",31169,0
"1384",31173,0
"1385",31175,1
"1386",31177,0
"1387",31179,10
"1388",31181,12
"1389",31185,21
"1390",32001,17
"1391",32003,772
"1392",32005,15
"1393",32007,52
"1394",32013,0
"1395",32015,0
"1396",32017,0
"1397",32019,0
"1398",32021,0
"1399",32023,25
"1400",32027,0
"1401",32031,412
"1402",32033,0
"1403",32510,144
"1404",33001,66
"1405",33003,39
"1406",33005,39
"1407",33007,43
"1408",33009,247
"1409",33011,371
"1410",33013,196
"1411",33015,64
"1412",33017,138
"1413",33019,25
"1414",34001,382
"1415",34003,1362
"1416",34005,504
"1417",34007,1179
"1418",34009,149
"1419",34011,188
"1420",34013,1266
"1421",34015,243
"1422",34017,292
"1423",34019,0
"1424",34021,427
"1425",34023,1110
"1426",34025,986
"1427",34027,548
"1428",34029,699
"1429",34031,570
"1430",34033,198
"1431",34035,158
"1432",34037,103
"1433",34039,536
"1434",34041,152
"1435",35001,871
"1436",35005,18
"1437",35006,14
"1438",35007,17
"1439",35009,50
"1440",35013,91
"1441",35015,65
"1442",35017,24
"1443",35019,10
"1444",35025,80
"1445",35027,16
"1446",35028,0
"1447",35029,0
"1448",35031,0
"1449",35035,32
"1450",35037,10
"1451",35039,27
"1452",35041,0
"1453",35043,48
"1454",35045,118
"1455",35047,0
"1456",35049,143
"1457",35051,15
"1458",35053,10
"1459",35055,15
"1460",35059,0
"1461",36001,889
"1462",36003,18
"1463",36005,2539
"1464",36007,377
"1465",36009,138
"1466",36011,143
"1467",36013,51
"1468",36015,181
"1469",36017,41
"1470",36019,134
"1471",36021,0
"1472",36023,35
"1473",36025,15
"1474",36027,332
"1475",36029,1485
"1476",36031,0
"1477",36033,58
"1478",36035,38
"1479",36037,86
"1480",36043,0
"1481",36045,79
"1482",36047,1765
"1483",36049,13
"1484",36051,30
"1485",36053,48
"1486",36055,1094
"1487",36057,70
"1488",36059,2525
"1489",36061,5180
"1490",36063,150
"1491",36065,290
"1492",36067,1006
"1493",36069,204
"1494",36071,272
"1495",36073,0
"1496",36075,55
"1497",36077,53
"1498",36079,96
"1499",36081,1068
"1500",36083,142
"1501",36085,584
"1502",36087,120
"1503",36089,81
"1504",36091,115
"1505",36093,281
"1506",36095,0
"1507",36097,21
"1508",36101,75
"1509",36103,1513
"1510",36105,47
"1511",36109,77
"1512",36111,25
"1513",36113,195
"1514",36117,55
"1515",36119,1097
"1516",36121,0
"1517",36123,25
"1518",37001,114
"1519",37005,25
"1520",37007,15
"1521",37009,18
"1522",37011,21
"1523",37013,0
"1524",37015,6
"1525",37017,0
"1526",37019,25
"1527",37021,541
"1528",37023,98
"1529",37025,265
"1530",37027,60
"1531",37031,80
"1532",37035,264
"1533",37037,21
"1534",37039,15
"1535",37041,13
"1536",37045,154
"1537",37047,58
"1538",37049,118
"1539",37051,405
"1540",37055,0
"1541",37057,42
"1542",37059,25
"1543",37061,18
"1544",37063,629
"1545",37065,38
"1546",37067,465
"1547",37071,208
"1548",37077,46
"1549",37081,128
"1550",37083,0
"1551",37085,83
"1552",37087,0
"1553",37089,139
"1554",37091,33
"1555",37093,25
"1556",37097,116
"1557",37099,0
"1558",37101,100
"1559",37105,101
"1560",37107,124
"1561",37109,39
"1562",37111,20
"1563",37113,52
"1564",37117,0
"1565",37119,755
"1566",37121,15
"1567",37123,5
"1568",37125,212
"1569",37127,181
"1570",37129,292
"1571",37133,83
"1572",37135,396
"1573",37139,88
"1574",37141,16
"1575",37145,32
"1576",37147,434
"1577",37149,19
"1578",37151,29
"1579",37155,146
"1580",37157,43
"1581",37159,162
"1582",37161,69
"1583",37163,19
"1584",37165,68
"1585",37167,70
"1586",37169,0
"1587",37171,105
"1588",37173,0
"1589",37175,0
"1590",37179,96
"1591",37181,0
"1592",37183,863
"1593",37187,0
"1594",37189,70
"1595",37191,186
"1596",37193,42
"1597",37195,66
"1598",38001,0
"1599",38003,0
"1600",38009,0
"1601",38011,0
"1602",38015,220
"1603",38017,315
"1604",38019,0
"1605",38021,0
"1606",38023,16
"1607",38029,0
"1608",38031,25
"1609",38035,196
"1610",38037,0
"1611",38039,0
"1612",38051,14
"1613",38053,24
"1614",38055,22
"1615",38057,0
"1616",38059,0
"1617",38061,0
"1618",38063,10
"1619",38067,0
"1620",38069,0
"1621",38071,18
"1622",38073,0
"1623",38079,0
"1624",38085,0
"1625",38089,12
"1626",38093,15
"1627",38095,0
"1628",38097,20
"1629",38099,14
"1630",38101,210
"1631",38103,25
"1632",38105,0
"1633",39001,0
"1634",39003,194
"1635",39005,20
"1636",39007,115
"1637",39009,21
"1638",39011,19
"1639",39013,20
"1640",39017,243
"1641",39021,0
"1642",39023,0
"1643",39025,62
"1644",39027,0
"1645",39029,0
"1646",39031,37
"1647",39033,0
"1648",39035,2887
"1649",39037,22
"1650",39039,8
"1651",39041,43
"1652",39043,0
"1653",39045,170
"1654",39047,17
"1655",39049,2315
"1656",39051,16
"1657",39053,100
"1658",39055,95
"1659",39057,41
"1660",39059,69
"1661",39061,1188
"1662",39063,90
"1663",39065,25
"1664",39067,0
"1665",39069,17
"1666",39071,43
"1667",39073,21
"1668",39075,27
"1669",39077,72
"1670",39079,24
"1671",39081,187
"1672",39083,50
"1673",39085,232
"1674",39087,0
"1675",39089,126
"1676",39091,27
"1677",39093,362
"1678",39095,790
"1679",39097,24
"1680",39099,268
"1681",39101,80
"1682",39103,151
"1683",39107,46
"1684",39109,39
"1685",39113,957
"1686",39117,0
"1687",39119,191
"1688",39123,19
"1689",39125,0
"1690",39129,40
"1691",39131,25
"1692",39133,103
"1693",39139,115
"1694",39141,155
"1695",39143,71
"1696",39145,135
"1697",39147,17
"1698",39149,36
"1699",39151,548
"1700",39153,608
"1701",39155,77
"1702",39157,111
"1703",39159,26
"1704",39161,13
"1705",39165,96
"1706",39167,25
"1707",39169,16
"1708",39171,0
"1709",39173,85
"1710",39175,15
"1711",40001,0
"1712",40005,10
"1713",40007,0
"1714",40009,26
"1715",40011,34
"1716",40013,94
"1717",40015,17
"1718",40017,41
"1719",40019,142
"1720",40021,0
"1721",40023,0
"1722",40025,0
"1723",40027,139
"1724",40029,0
"1725",40031,144
"1726",40035,35
"1727",40037,25
"1728",40039,10
"1729",40041,42
"1730",40043,18
"1731",40045,15
"1732",40047,124
"1733",40049,0
"1734",40051,11
"1735",40055,0
"1736",40057,0
"1737",40059,12
"1738",40061,0
"1739",40063,15
"1740",40065,34
"1741",40067,0
"1742",40069,12
"1743",40071,46
"1744",40073,15
"1745",40075,24
"1746",40079,20
"1747",40081,0
"1748",40083,25
"1749",40085,25
"1750",40087,26
"1751",40089,15
"1752",40093,15
"1753",40095,25
"1754",40097,22
"1755",40099,15
"1756",40101,105
"1757",40103,23
"1758",40105,5
"1759",40107,25
"1760",40109,1326
"1761",40111,37
"1762",40113,0
"1763",40115,19
"1764",40117,14
"1765",40119,111
"1766",40121,80
"1767",40123,116
"1768",40125,41
"1769",40127,0
"1770",40129,15
"1771",40131,44
"1772",40133,32
"1773",40135,21
"1774",40137,49
"1775",40139,0
"1776",40143,1279
"1777",40145,61
"1778",40147,59
"1779",40149,0
"1780",40151,12
"1781",40153,24
"1782",41001,14
"1783",41003,122
"1784",41005,308
"1785",41007,34
"1786",41011,118
"1787",41013,16
"1788",41015,13
"1789",41017,160
"1790",41019,93
"1791",41023,11
"1792",41025,16
"1793",41027,15
"1794",41029,319
"1795",41031,19
"1796",41033,97
"1797",41035,81
"1798",41037,21
"1799",41039,391
"1800",41041,32
"1801",41043,57
"1802",41045,25
"1803",41047,190
"1804",41049,20
"1805",41051,982
"1806",41053,6
"1807",41057,15
"1808",41059,33
"1809",41061,17
"1810",41063,13
"1811",41065,15
"1812",41067,518
"1813",41071,58
"1814",42001,56
"1815",42003,2799
"1816",42005,81
"1817",42007,152
"1818",42009,24
"1819",42011,591
"1820",42013,283
"1821",42015,213
"1822",42017,585
"1823",42019,157
"1824",42021,350
"1825",42025,75
"1826",42027,164
"1827",42029,566
"1828",42031,39
"1829",42033,114
"1830",42035,28
"1831",42037,30
"1832",42039,128
"1833",42041,392
"1834",42043,718
"1835",42045,791
"1836",42047,21
"1837",42049,381
"1838",42051,108
"1839",42055,207
"1840",42057,19
"1841",42059,23
"1842",42061,30
"1843",42063,104
"1844",42065,60
"1845",42069,414
"1846",42071,614
"1847",42073,78
"1848",42075,73
"1849",42077,609
"1850",42079,510
"1851",42081,180
"1852",42083,87
"1853",42085,78
"1854",42087,87
"1855",42089,232
"1856",42091,982
"1857",42093,225
"1858",42095,556
"1859",42097,16
"1860",42101,3130
"1861",42105,16
"1862",42107,125
"1863",42111,107
"1864",42115,25
"1865",42117,17
"1866",42119,78
"1867",42121,57
"1868",42123,41
"1869",42125,275
"1870",42127,54
"1871",42129,287
"1872",42131,34
"1873",42133,536
"1874",44003,204
"1875",44005,57
"1876",44007,576
"1877",44009,134
"1878",45001,19
"1879",45003,153
"1880",45005,25
"1881",45007,215
"1882",45013,162
"1883",45019,998
"1884",45021,33
"1885",45023,30
"1886",45025,26
"1887",45027,36
"1888",45029,84
"1889",45031,83
"1890",45033,18
"1891",45037,25
"1892",45041,575
"1893",45043,98
"1894",45045,778
"1895",45047,164
"1896",45049,26
"1897",45051,512
"1898",45053,21
"1899",45055,60
"1900",45057,98
"1901",45059,24
"1902",45063,310
"1903",45067,88
"1904",45071,37
"1905",45073,65
"1906",45075,139
"1907",45077,86
"1908",45079,601
"1909",45083,503
"1910",45085,93
"1911",45087,50
"1912",45091,187
"1913",46005,15
"1914",46007,14
"1915",46009,26
"1916",46011,39
"1917",46013,34
"1918",46015,20
"1919",46023,35
"1920",46027,22
"1921",46029,48
"1922",46033,11
"1923",46035,32
"1924",46037,10
"1925",46039,5
"1926",46041,0
"1927",46043,11
"1928",46045,0
"1929",46047,25
"1930",46049,4
"1931",46051,0
"1932",46053,0
"1933",46055,3
"1934",46059,7
"1935",46065,0
"1936",46067,22
"1937",46073,13
"1938",46077,6
"1939",46079,17
"1940",46081,27
"1941",46083,11
"1942",46089,4
"1943",46091,0
"1944",46093,22
"1945",46099,498
"1946",46101,10
"1947",46103,217
"1948",46107,0
"1949",46109,0
"1950",46113,0
"1951",46115,0
"1952",46121,0
"1953",46123,0
"1954",46125,12
"1955",46127,0
"1956",46129,9
"1957",46135,54
"1958",47001,171
"1959",47003,33
"1960",47005,15
"1961",47007,25
"1962",47009,117
"1963",47011,113
"1964",47013,148
"1965",47015,0
"1966",47017,10
"1967",47019,54
"1968",47021,0
"1969",47025,28
"1970",47029,0
"1971",47031,0
"1972",47035,61
"1973",47037,640
"1974",47039,0
"1975",47041,0
"1976",47043,0
"1977",47045,95
"1978",47051,0
"1979",47053,17
"1980",47055,19
"1981",47059,50
"1982",47063,88
"1983",47065,736
"1984",47067,10
"1985",47069,15
"1986",47071,29
"1987",47073,16
"1988",47077,0
"1989",47079,37
"1990",47081,0
"1991",47083,15
"1992",47085,0
"1993",47089,0
"1994",47091,2
"1995",47093,842
"1996",47099,0
"1997",47103,0
"1998",47105,25
"1999",47107,0
"2000",47111,0
"2001",47113,191
"2002",47117,12
"2003",47119,83
"2004",47123,0
"2005",47125,0
"2006",47131,50
"2007",47133,0
"2008",47135,0
"2009",47141,0
"2010",47143,0
"2011",47145,46
"2012",47147,37
"2013",47149,18
"2014",47151,25
"2015",47155,42
"2016",47157,1728
"2017",47159,0
"2018",47163,305
"2019",47165,85
"2020",47167,22
"2021",47169,0
"2022",47171,48
"2023",47177,0
"2024",47179,398
"2025",47181,25
"2026",47183,18
"2027",47185,0
"2028",47187,0
"2029",47189,0
"2030",48001,37
"2031",48003,28
"2032",48005,227
"2033",48013,37
"2034",48015,10
"2035",48017,25
"2036",48021,5
"2037",48023,30
"2038",48025,32
"2039",48027,532
"2040",48029,2359
"2041",48035,23
"2042",48037,394
"2043",48039,126
"2044",48041,286
"2045",48043,18
"2046",48049,127
"2047",48051,12
"2048",48053,45
"2049",48055,59
"2050",48057,16
"2051",48061,546
"2052",48063,25
"2053",48069,17
"2054",48071,35
"2055",48073,42
"2056",48075,29
"2057",48077,21
"2058",48079,13
"2059",48083,25
"2060",48085,997
"2061",48087,13
"2062",48089,44
"2063",48091,78
"2064",48093,23
"2065",48095,16
"2066",48097,48
"2067",48099,22
"2068",48103,10
"2069",48107,7
"2070",48109,14
"2071",48111,19
"2072",48113,3576
"2073",48115,20
"2074",48117,26
"2075",48121,627
"2076",48123,15
"2077",48127,25
"2078",48133,34
"2079",48135,276
"2080",48139,140
"2081",48141,894
"2082",48143,34
"2083",48145,32
"2084",48147,23
"2085",48149,38
"2086",48151,14
"2087",48153,25
"2088",48157,758
"2089",48161,14
"2090",48163,20
"2091",48165,20
"2092",48167,281
"2093",48171,37
"2094",48177,30
"2095",48179,32
"2096",48181,322
"2097",48183,110
"2098",48185,18
"2099",48187,54
"2100",48189,47
"2101",48193,25
"2102",48195,14
"2103",48197,31
"2104",48201,6771
"2105",48203,176
"2106",48207,15
"2107",48209,128
"2108",48211,17
"2109",48213,100
"2110",48215,885
"2111",48217,48
"2112",48219,22
"2113",48221,53
"2114",48223,36
"2115",48227,42
"2116",48231,80
"2117",48233,8
"2118",48237,13
"2119",48239,17
"2120",48241,28
"2121",48245,572
"2122",48249,47
"2123",48251,167
"2124",48253,30
"2125",48255,25
"2126",48257,29
"2127",48265,72
"2128",48267,15
"2129",48273,32
"2130",48275,14
"2131",48277,76
"2132",48279,34
"2133",48281,25
"2134",48285,45
"2135",48291,13
"2136",48293,63
"2137",48299,10
"2138",48303,617
"2139",48305,24
"2140",48307,25
"2141",48309,110
"2142",48313,25
"2143",48317,18
"2144",48321,47
"2145",48323,56
"2146",48325,21
"2147",48329,157
"2148",48331,0
"2149",48335,17
"2150",48337,14
"2151",48339,571
"2152",48341,14
"2153",48347,118
"2154",48349,35
"2155",48353,34
"2156",48355,696
"2157",48357,20
"2158",48363,30
"2159",48365,23
"2160",48367,52
"2161",48369,15
"2162",48371,36
"2163",48373,49
"2164",48375,446
"2165",48383,7
"2166",48389,19
"2167",48391,20
"2168",48397,53
"2169",48399,37
"2170",48401,27
"2171",48403,25
"2172",48405,9
"2173",48413,14
"2174",48415,20
"2175",48423,700
"2176",48425,10
"2177",48427,30
"2178",48429,13
"2179",48433,20
"2180",48435,10
"2181",48437,20
"2182",48439,2142
"2183",48441,253
"2184",48445,17
"2185",48447,12
"2186",48449,29
"2187",48451,195
"2188",48453,1197
"2189",48457,25
"2190",48461,25
"2191",48463,15
"2192",48465,44
"2193",48467,52
"2194",48469,353
"2195",48471,75
"2196",48475,20
"2197",48477,36
"2198",48479,288
"2199",48481,22
"2200",48483,23
"2201",48485,256
"2202",48487,27
"2203",48491,371
"2204",48493,22
"2205",48495,14
"2206",48497,50
"2207",48499,32
"2208",48501,19
"2209",48503,35
"2210",49001,2
"2211",49003,11
"2212",49005,47
"2213",49007,26
"2214",49011,67
"2215",49013,19
"2216",49017,15
"2217",49019,0
"2218",49021,26
"2219",49023,25
"2220",49025,0
"2221",49027,31
"2222",49035,827
"2223",49037,26
"2224",49039,18
"2225",49041,19
"2226",49043,27
"2227",49045,24
"2228",49047,0
"2229",49049,157
"2230",49051,9
"2231",49053,95
"2232",49057,88
"2233",50001,0
"2234",50003,0
"2235",50005,0
"2236",50007,273
"2237",50011,0
"2238",50015,21
"2239",50017,0
"2240",50019,14
"2241",50021,79
"2242",50023,47
"2243",50025,48
"2244",50027,43
"2245",51001,11
"2246",51003,108
"2247",51005,0
"2248",51009,0
"2249",51013,187
"2250",51015,116
"2251",51017,0
"2252",51019,28
"2253",51027,32
"2254",51041,0
"2255",51047,50
"2256",51051,1
"2257",51057,13
"2258",51059,740
"2259",51061,66
"2260",51067,14
"2261",51071,10
"2262",51073,24
"2263",51081,63
"2264",51083,40
"2265",51085,195
"2266",51087,56
"2267",51089,0
"2268",51095,116
"2269",51103,0
"2270",51107,43
"2271",51117,56
"2272",51121,49
"2273",51127,0
"2274",51135,0
"2275",51139,25
"2276",51147,56
"2277",51153,131
"2278",51155,0
"2279",51161,0
"2280",51163,13
"2281",51167,53
"2282",51171,21
"2283",51173,26
"2284",51177,0
"2285",51179,57
"2286",51185,43
"2287",51187,30
"2288",51191,86
"2289",51195,18
"2290",51197,46
"2291",51199,0
"2292",51510,210
"2293",51520,0
"2294",51540,336
"2295",51550,242
"2296",51590,0
"2297",51620,0
"2298",51630,299
"2299",51640,45
"2300",51650,130
"2301",51660,168
"2302",51670,0
"2303",51680,289
"2304",51683,0
"2305",51700,196
"2306",51710,412
"2307",51720,59
"2308",51730,192
"2309",51740,0
"2310",51760,645
"2311",51770,427
"2312",51775,40
"2313",51790,0
"2314",51800,127
"2315",51810,292
"2316",51840,273
"2317",53001,0
"2318",53003,21
"2319",53005,198
"2320",53007,150
"2321",53009,64
"2322",53011,329
"2323",53013,25
"2324",53015,126
"2325",53019,0
"2326",53021,0
"2327",53023,0
"2328",53025,61
"2329",53027,57
"2330",53029,0
"2331",53031,15
"2332",53033,2105
"2333",53035,119
"2334",53037,13
"2335",53039,25
"2336",53041,73
"2337",53043,0
"2338",53045,13
"2339",53047,47
"2340",53049,20
"2341",53051,21
"2342",53053,642
"2343",53055,10
"2344",53057,175
"2345",53061,314
"2346",53063,699
"2347",53065,33
"2348",53067,194
"2349",53071,51
"2350",53073,130
"2351",53075,33
"2352",53077,126
"2353",54001,12
"2354",54003,151
"2355",54005,15
"2356",54007,15
"2357",54011,453
"2358",54013,18
"2359",54019,47
"2360",54023,18
"2361",54025,0
"2362",54027,14
"2363",54029,90
"2364",54033,167
"2365",54035,25
"2366",54037,16
"2367",54039,783
"2368",54041,56
"2369",54045,86
"2370",54047,40
"2371",54049,0
"2372",54051,5
"2373",54053,53
"2374",54055,153
"2375",54057,21
"2376",54059,11
"2377",54061,329
"2378",54065,25
"2379",54067,0
"2380",54069,0
"2381",54075,24
"2382",54077,23
"2383",54081,264
"2384",54083,34
"2385",54087,25
"2386",54089,25
"2387",54091,25
"2388",54095,0
"2389",54097,13
"2390",54099,0
"2391",54101,15
"2392",54103,0
"2393",54107,120
"2394",55001,25
"2395",55003,20
"2396",55005,54
"2397",55009,338
"2398",55013,17
"2399",55015,15
"2400",55017,67
"2401",55019,16
"2402",55021,16
"2403",55023,21
"2404",55025,578
"2405",55027,89
"2406",55029,16
"2407",55031,25
"2408",55033,19
"2409",55035,226
"2410",55039,100
"2411",55043,31
"2412",55045,44
"2413",55047,17
"2414",55049,15
"2415",55053,12
"2416",55055,33
"2417",55057,13
"2418",55059,145
"2419",55063,223
"2420",55065,25
"2421",55067,16
"2422",55069,18
"2423",55071,82
"2424",55073,135
"2425",55075,31
"2426",55079,1399
"2427",55081,35
"2428",55083,26
"2429",55085,28
"2430",55087,180
"2431",55089,148
"2432",55091,25
"2433",55093,14
"2434",55095,44
"2435",55097,27
"2436",55099,22
"2437",55101,195
"2438",55103,18
"2439",55105,84
"2440",55107,25
"2441",55109,45
"2442",55111,72
"2443",55113,1
"2444",55115,18
"2445",55117,68
"2446",55119,6
"2447",55121,19
"2448",55123,38
"2449",55125,46
"2450",55127,41
"2451",55129,24
"2452",55131,62
"2453",55133,300
"2454",55135,40
"2455",55137,25
"2456",55139,177
"2457",55141,188
"2458",56001,0
"2459",56003,9
"2460",56005,16
"2461",56007,0
"2462",56009,21
"2463",56011,16
"2464",56013,66
"2465",56015,13
"2466",56017,22
"2467",56019,9
"2468",56021,120
"2469",56023,18
"2470",56025,208
"2471",56027,0
"2472",56029,36
"2473",56031,23
"2474",56033,0
"2475",56037,62
"2476",56039,30
"2477",56041,26
"2478",56043,13
"2479",56045,12
"2480",60050,0
"2481",66010,0
"2482",68020,0
"2483",69110,0
"2484",72005,89
"2485",72009,0
"2486",72013,0
"2487",72021,0
"2488",72023,0
"2489",72025,0
"2490",72031,0
"2491",72035,0
"2492",72041,0
"2493",72053,0
"2494",72057,0
"2495",72061,0
"2496",72069,0
"2497",72081,0
"2498",72091,0
"2499",72097,0
"2500",72099,84
"2501",72113,0
"2502",72125,0
"2503",72127,399
"2504",72141,0
"2505",72145,0
"2506",72153,0
"2507",78010,0
"2508",78030,0
